model_instance_id	model_id	curation_lineage	publication_id	doi_or_pmid	source_stratum	feature_type	n_genes_published	n_genes_mapped	mapping_rule_id	gene_membership_hash	scoring_rule_id	claim_family	eligibility_status	flags	provenance_hash
PF4C-B1-001	PF4C-B1-001	POST_FREEZE_DISCOVERY	POST-PF4B0100	10.3892/ol.2019.10327	POST_FREEZE_DISCOVERY	Entrez Gene ID	31	31	FROZEN_V6_CROSSWALK_CANONICAL_UNIQUE_SORTED	6723fb4fe5f6f17e1f06d7ed451746814b1e3f9b9a77714bc0987221e0557746	UNSIGNED_UNWEIGHTED_MEAN_PRESENT_GENE_ZSCORES	NA	ELIGIBLE_RETAINED	NA	878a08bc18b8cc0270db5f9d5e0b41f5fafd9f97a119ecaa4881b0db7bc80817
PF4C-B1-002	PF4C-B1-002	POST_FREEZE_DISCOVERY	POST-PF4B0396	10.3389/fgene.2020.00253	POST_FREEZE_DISCOVERY	Gene expression	4	4	FROZEN_V6_CROSSWALK_CANONICAL_UNIQUE_SORTED	9e7be25a0825794a68e8dc4917ef2c20d7afc5e31f2c74ef0a1f169e70331531	UNSIGNED_UNWEIGHTED_MEAN_PRESENT_GENE_ZSCORES	NA	ELIGIBLE_RETAINED	NA	878a08bc18b8cc0270db5f9d5e0b41f5fafd9f97a119ecaa4881b0db7bc80817
PF4C-B1-003	PF4C-B1-003	POST_FREEZE_DISCOVERY	POST-PF4B0072	10.3389/fimmu.2022.1000396	POST_FREEZE_DISCOVERY	Gene expression	17	17	FROZEN_V6_CROSSWALK_CANONICAL_UNIQUE_SORTED	bf394a086c0135dbc893f14138c7cec48c9ccbf235be09a0f970ddbf2aecb416	UNSIGNED_UNWEIGHTED_MEAN_PRESENT_GENE_ZSCORES	NA	ELIGIBLE_RETAINED	NA	878a08bc18b8cc0270db5f9d5e0b41f5fafd9f97a119ecaa4881b0db7bc80817
PF4C-B1-004	PF4C-B1-004	POST_FREEZE_DISCOVERY	POST-PF4B0386	10.1186/s13287-023-03285-9	POST_FREEZE_DISCOVERY	Gene expression	8	8	FROZEN_V6_CROSSWALK_CANONICAL_UNIQUE_SORTED	f2fc228e8473ef3234f193ba75380957b662cfd565779a557aacd139d10d6d1b	UNSIGNED_UNWEIGHTED_MEAN_PRESENT_GENE_ZSCORES	NA	ELIGIBLE_RETAINED	NA	878a08bc18b8cc0270db5f9d5e0b41f5fafd9f97a119ecaa4881b0db7bc80817
PF4C-B1-005	PF4C-B1-005	POST_FREEZE_DISCOVERY	POST-PF4B0043	10.1002/cam4.5688	POST_FREEZE_DISCOVERY	gene symbol	7	7	FROZEN_V6_CROSSWALK_CANONICAL_UNIQUE_SORTED	c89e28c720339c49bb158a9d6370ef993ed68727d16bbdee51e3901edf26b206	UNSIGNED_UNWEIGHTED_MEAN_PRESENT_GENE_ZSCORES	NA	ELIGIBLE_RETAINED	NA	878a08bc18b8cc0270db5f9d5e0b41f5fafd9f97a119ecaa4881b0db7bc80817
PF4C-B1-006	PF4C-B1-006	POST_FREEZE_DISCOVERY	POST-PF4B0381	10.1007/s12672-026-04764-0	POST_FREEZE_DISCOVERY	gene symbol	11	11	FROZEN_V6_CROSSWALK_CANONICAL_UNIQUE_SORTED	2f07798e9710b234db83fa829fc75c4fdb439198d472be235fb0e07204f44b10	UNSIGNED_UNWEIGHTED_MEAN_PRESENT_GENE_ZSCORES	NA	ELIGIBLE_RETAINED	NA	878a08bc18b8cc0270db5f9d5e0b41f5fafd9f97a119ecaa4881b0db7bc80817
PF4C-B1-007	PF4C-B1-007	POST_FREEZE_DISCOVERY	POST-PF4B0102	10.1371/journal.pone.0126022	POST_FREEZE_DISCOVERY	gene symbol	6	6	FROZEN_V6_CROSSWALK_CANONICAL_UNIQUE_SORTED	609bcca36e8fdd370706e00c1dd34b48f4986ae1cfd7d11c3437399ad9edadee	UNSIGNED_UNWEIGHTED_MEAN_PRESENT_GENE_ZSCORES	NA	ELIGIBLE_RETAINED	NA	878a08bc18b8cc0270db5f9d5e0b41f5fafd9f97a119ecaa4881b0db7bc80817
PF4C-B1-008	PF4C-B1-008	POST_FREEZE_DISCOVERY	POST-PF4B0128	10.1155/2022/8972730	POST_FREEZE_DISCOVERY	Gene expression	8	8	FROZEN_V6_CROSSWALK_CANONICAL_UNIQUE_SORTED	1c4d6915f294cda163b14e577b8a581e60c247f1c09e72dcf154b8203fb13490	UNSIGNED_UNWEIGHTED_MEAN_PRESENT_GENE_ZSCORES	NA	ELIGIBLE_RETAINED	NA	878a08bc18b8cc0270db5f9d5e0b41f5fafd9f97a119ecaa4881b0db7bc80817
PF4C-B1-009	PF4C-B1-009	POST_FREEZE_DISCOVERY	POST-PF4B0039	10.1002/jmv.28285	POST_FREEZE_DISCOVERY	Gene expression	5	5	FROZEN_V6_CROSSWALK_CANONICAL_UNIQUE_SORTED	95360f251bd7a3ed1e88faf452a340bb4b2578daa1ec1d5fef13c34b9bdaf9c7	UNSIGNED_UNWEIGHTED_MEAN_PRESENT_GENE_ZSCORES	NA	ELIGIBLE_RETAINED	NA	878a08bc18b8cc0270db5f9d5e0b41f5fafd9f97a119ecaa4881b0db7bc80817
PF4C-B1-011	PF4C-B1-011	POST_FREEZE_DISCOVERY	POST-PF4B0016	10.4062/biomolther.2025.010	POST_FREEZE_DISCOVERY	Gene expression	4	4	FROZEN_V6_CROSSWALK_CANONICAL_UNIQUE_SORTED	147dd5efdd85f12598db44a0187b946e3adf9859ca35338b335043ca1d11b543	UNSIGNED_UNWEIGHTED_MEAN_PRESENT_GENE_ZSCORES	NA	ELIGIBLE_RETAINED	NA	878a08bc18b8cc0270db5f9d5e0b41f5fafd9f97a119ecaa4881b0db7bc80817
PF4C-B1-012	PF4C-B1-012	POST_FREEZE_DISCOVERY	POST-PF4B0022	10.3389/fneur.2025.1665835	POST_FREEZE_DISCOVERY	Gene expression	4	4	FROZEN_V6_CROSSWALK_CANONICAL_UNIQUE_SORTED	94941ac035cba1fe7c60effdde823525145bd2bf7708cc65a3a4e48c6c44fc86	UNSIGNED_UNWEIGHTED_MEAN_PRESENT_GENE_ZSCORES	NA	ELIGIBLE_RETAINED	NA	878a08bc18b8cc0270db5f9d5e0b41f5fafd9f97a119ecaa4881b0db7bc80817
PF4C-B1-013	PF4C-B1-013	POST_FREEZE_DISCOVERY	POST-PF4B0083	10.3389/fonc.2021.698278	POST_FREEZE_DISCOVERY	Gene expression	8	8	FROZEN_V6_CROSSWALK_CANONICAL_UNIQUE_SORTED	218930fa8461dd60ee159d5aecd7da13ccb526d2e46fdeb099efe829f797bb80	UNSIGNED_UNWEIGHTED_MEAN_PRESENT_GENE_ZSCORES	NA	ELIGIBLE_RETAINED	NA	878a08bc18b8cc0270db5f9d5e0b41f5fafd9f97a119ecaa4881b0db7bc80817
PF4C-B1-014	PF4C-B1-014	POST_FREEZE_DISCOVERY	POST-PF4B0134	10.18632/aging.203257	POST_FREEZE_DISCOVERY	gene symbol	3	3	FROZEN_V6_CROSSWALK_CANONICAL_UNIQUE_SORTED	9d1d58bfa556a707cecbc0c18adb1c49638dfa047fc453d10f7ff74d91771673	UNSIGNED_UNWEIGHTED_MEAN_PRESENT_GENE_ZSCORES	NA	ELIGIBLE_RETAINED	NA	878a08bc18b8cc0270db5f9d5e0b41f5fafd9f97a119ecaa4881b0db7bc80817
PF4C-B1-015	PF4C-B1-015	POST_FREEZE_DISCOVERY	POST-PF4B0154	10.21037/atm-21-1986	POST_FREEZE_DISCOVERY	gene symbol	4	4	FROZEN_V6_CROSSWALK_CANONICAL_UNIQUE_SORTED	8a6ff6a2bfcf10a1f739f51952a6e8e6d2f1daa4692de2906d97d81fd698cfd3	UNSIGNED_UNWEIGHTED_MEAN_PRESENT_GENE_ZSCORES	NA	ELIGIBLE_RETAINED	NA	878a08bc18b8cc0270db5f9d5e0b41f5fafd9f97a119ecaa4881b0db7bc80817
PF4C-B1-016	PF4C-B1-016	POST_FREEZE_DISCOVERY	POST-PF4B0051	10.3389/fonc.2022.717926	POST_FREEZE_DISCOVERY	Gene expression	11	11	FROZEN_V6_CROSSWALK_CANONICAL_UNIQUE_SORTED	4bb32956b6449ae54fa2940b449d5b735ff5fdf7d51983fc29e15b13941827f4	UNSIGNED_UNWEIGHTED_MEAN_PRESENT_GENE_ZSCORES	NA	ELIGIBLE_RETAINED	NA	878a08bc18b8cc0270db5f9d5e0b41f5fafd9f97a119ecaa4881b0db7bc80817
PF4C-B1-017	PF4C-B1-017	POST_FREEZE_DISCOVERY	POST-PF4B0406	10.2147/jir.s341774	POST_FREEZE_DISCOVERY	Gene expression	5	5	FROZEN_V6_CROSSWALK_CANONICAL_UNIQUE_SORTED	74dac0dbc7d7f80ed726010561e365019072f932d40d374542c4ce78860d4dad	UNSIGNED_UNWEIGHTED_MEAN_PRESENT_GENE_ZSCORES	NA	ELIGIBLE_RETAINED	NA	878a08bc18b8cc0270db5f9d5e0b41f5fafd9f97a119ecaa4881b0db7bc80817
PF4C-B1-019	PF4C-B1-019	POST_FREEZE_DISCOVERY	POST-PF4B0081	10.3389/fphar.2022.1038272	POST_FREEZE_DISCOVERY	Gene expression	11	11	FROZEN_V6_CROSSWALK_CANONICAL_UNIQUE_SORTED	41fd1a044fdd607ed118664c5871225149a2b7741c1efc8114354ca5e1756c5b	UNSIGNED_UNWEIGHTED_MEAN_PRESENT_GENE_ZSCORES	NA	ELIGIBLE_RETAINED	NA	878a08bc18b8cc0270db5f9d5e0b41f5fafd9f97a119ecaa4881b0db7bc80817
PF4C-B1-020	PF4C-B1-020	POST_FREEZE_DISCOVERY	POST-PF4B0391	10.3389/fphar.2022.1072253	POST_FREEZE_DISCOVERY	Gene expression	5	5	FROZEN_V6_CROSSWALK_CANONICAL_UNIQUE_SORTED	14e14dba1ad8a4f07f8d4891acd38cc0210650494e13357bf170b573d5c840ac	UNSIGNED_UNWEIGHTED_MEAN_PRESENT_GENE_ZSCORES	NA	ELIGIBLE_RETAINED	NA	878a08bc18b8cc0270db5f9d5e0b41f5fafd9f97a119ecaa4881b0db7bc80817
PF4C-B1-021	PF4C-B1-021	POST_FREEZE_DISCOVERY	POST-PF4B0403	10.1007/s12672-024-01520-0	POST_FREEZE_DISCOVERY	Gene expression	7	7	FROZEN_V6_CROSSWALK_CANONICAL_UNIQUE_SORTED	adf4f70ee52ede5d0f16ca0af6e7201181c1628894914bf68a9ee8b9a2c8f1ae	UNSIGNED_UNWEIGHTED_MEAN_PRESENT_GENE_ZSCORES	NA	ELIGIBLE_RETAINED	NA	878a08bc18b8cc0270db5f9d5e0b41f5fafd9f97a119ecaa4881b0db7bc80817
PF4C-B1-024	PF4C-B1-024	POST_FREEZE_DISCOVERY	POST-PF4B0390	10.2147/ijgm.s343046	POST_FREEZE_DISCOVERY	Gene expression	9	9	FROZEN_V6_CROSSWALK_CANONICAL_UNIQUE_SORTED	93abef6047f4d8b28659407f7d1576a20ac9eb66816c79500a50d6d55e8233d7	UNSIGNED_UNWEIGHTED_MEAN_PRESENT_GENE_ZSCORES	NA	ELIGIBLE_RETAINED	NA	878a08bc18b8cc0270db5f9d5e0b41f5fafd9f97a119ecaa4881b0db7bc80817
PF4C-B1-025	PF4C-B1-025	POST_FREEZE_DISCOVERY	POST-PF4B0151	10.3390/cells11223655	POST_FREEZE_DISCOVERY	gene symbol	5	5	FROZEN_V6_CROSSWALK_CANONICAL_UNIQUE_SORTED	9ab003b4f563616801d671d1e4fe6506b966866b8f31e5923a2174cc8de375aa	UNSIGNED_UNWEIGHTED_MEAN_PRESENT_GENE_ZSCORES	NA	ELIGIBLE_RETAINED	NA	878a08bc18b8cc0270db5f9d5e0b41f5fafd9f97a119ecaa4881b0db7bc80817
PF4C-B1-026	PF4C-B1-026	POST_FREEZE_DISCOVERY	POST-PF4B0035	10.3389/fphar.2023.1259051	POST_FREEZE_DISCOVERY	gene symbol	5	5	FROZEN_V6_CROSSWALK_CANONICAL_UNIQUE_SORTED	ce207d3581aa6fb32a71518657e10c7da8d6f41d5938fbbb9d0d4f4cd982084b	UNSIGNED_UNWEIGHTED_MEAN_PRESENT_GENE_ZSCORES	NA	ELIGIBLE_RETAINED	NA	878a08bc18b8cc0270db5f9d5e0b41f5fafd9f97a119ecaa4881b0db7bc80817
PF4C-B1-027	PF4C-B1-027	POST_FREEZE_DISCOVERY	POST-PF4B0110	10.1155/mi/4342537	POST_FREEZE_DISCOVERY	Gene expression	6	6	FROZEN_V6_CROSSWALK_CANONICAL_UNIQUE_SORTED	123c020b843885eafdf93e68d976b14824ecbeefde36dbbbfbde11fdbf6b84db	UNSIGNED_UNWEIGHTED_MEAN_PRESENT_GENE_ZSCORES	NA	ELIGIBLE_RETAINED	NA	878a08bc18b8cc0270db5f9d5e0b41f5fafd9f97a119ecaa4881b0db7bc80817
PF4C-B1-028	PF4C-B1-028	POST_FREEZE_DISCOVERY	POST-PF4B0019	10.1186/s41065-025-00548-8	POST_FREEZE_DISCOVERY	Gene expression	3	3	FROZEN_V6_CROSSWALK_CANONICAL_UNIQUE_SORTED	fb6efe034ceb26ff7c7192e90a226055a4c02567d9b20557ee89657e63a8d0b0	UNSIGNED_UNWEIGHTED_MEAN_PRESENT_GENE_ZSCORES	NA	ELIGIBLE_RETAINED	NA	878a08bc18b8cc0270db5f9d5e0b41f5fafd9f97a119ecaa4881b0db7bc80817
PF4C-B1-029	PF4C-B1-029	POST_FREEZE_DISCOVERY	POST-PF4B0029	10.1007/s10238-024-01454-5	POST_FREEZE_DISCOVERY	Gene expression	8	8	FROZEN_V6_CROSSWALK_CANONICAL_UNIQUE_SORTED	055e1b3a84948e28cbe153ed19edcf558a437b258925994c254d8b4a33429e6a	UNSIGNED_UNWEIGHTED_MEAN_PRESENT_GENE_ZSCORES	NA	ELIGIBLE_RETAINED	NA	878a08bc18b8cc0270db5f9d5e0b41f5fafd9f97a119ecaa4881b0db7bc80817
PF4C-B2-001	PF4C-B2-001	POST_FREEZE_DISCOVERY	POST-PF4B0009	10.1186/s40001-025-03528-w	POST_FREEZE_DISCOVERY	Gene expression	6	6	FROZEN_V6_CROSSWALK_CANONICAL_UNIQUE_SORTED	38395ad9b86bd86ecf249d6a78177fec0036b27e055d5ff94dd9b74d6cc886e0	UNSIGNED_UNWEIGHTED_MEAN_PRESENT_GENE_ZSCORES	NA	ELIGIBLE_RETAINED	NA	878a08bc18b8cc0270db5f9d5e0b41f5fafd9f97a119ecaa4881b0db7bc80817
PF4C-B2-002	PF4C-B2-002	POST_FREEZE_DISCOVERY	POST-PF4B0011	10.3390/ijms26104609	POST_FREEZE_DISCOVERY	gene symbol	4	4	FROZEN_V6_CROSSWALK_CANONICAL_UNIQUE_SORTED	d4b667bc0f3a78b0180b15ab9503bcf0fb73918fbc974a8b526598bcccc15c27	UNSIGNED_UNWEIGHTED_MEAN_PRESENT_GENE_ZSCORES	NA	ELIGIBLE_RETAINED	NA	878a08bc18b8cc0270db5f9d5e0b41f5fafd9f97a119ecaa4881b0db7bc80817
PF4C-B2-003	PF4C-B2-003	POST_FREEZE_DISCOVERY	POST-PF4B0014	10.3390/genes16080861	POST_FREEZE_DISCOVERY	Gene expression	6	6	FROZEN_V6_CROSSWALK_CANONICAL_UNIQUE_SORTED	8a994eb0be0b80e56374c4ffc56b6f3dc7bb932f4830edf272893454d6cd6a62	UNSIGNED_UNWEIGHTED_MEAN_PRESENT_GENE_ZSCORES	NA	ELIGIBLE_RETAINED	NA	878a08bc18b8cc0270db5f9d5e0b41f5fafd9f97a119ecaa4881b0db7bc80817
PF4C-B2-005	PF4C-B2-005	POST_FREEZE_DISCOVERY	POST-PF4B0024	10.1186/s12885-025-15291-6	POST_FREEZE_DISCOVERY	gene symbol	9	9	FROZEN_V6_CROSSWALK_CANONICAL_UNIQUE_SORTED	5aabc25893c6024a1efe7ce35b6b60b76881249c5de45c9d1d8f106358b9ed3a	UNSIGNED_UNWEIGHTED_MEAN_PRESENT_GENE_ZSCORES	NA	ELIGIBLE_RETAINED	NA	878a08bc18b8cc0270db5f9d5e0b41f5fafd9f97a119ecaa4881b0db7bc80817
PF4C-B2-006	PF4C-B2-006	POST_FREEZE_DISCOVERY	POST-PF4B0027	10.7150/jca.100144	POST_FREEZE_DISCOVERY	Gene expression	3	3	FROZEN_V6_CROSSWALK_CANONICAL_UNIQUE_SORTED	dec0607ed647ef580180df20ea60dd3cfe301b20ca9fdcde84a671a8533e12a3	UNSIGNED_UNWEIGHTED_MEAN_PRESENT_GENE_ZSCORES	NA	ELIGIBLE_RETAINED	NA	878a08bc18b8cc0270db5f9d5e0b41f5fafd9f97a119ecaa4881b0db7bc80817
PF4C-B2-007	PF4C-B2-007	POST_FREEZE_DISCOVERY	POST-PF4B0033	10.1007/s12672-024-01649-y	POST_FREEZE_DISCOVERY	Gene expression	3	3	FROZEN_V6_CROSSWALK_CANONICAL_UNIQUE_SORTED	32e26b34f9f45dcf1ab6e60acd88847b0eebf106402245fc27df989615c48ee5	UNSIGNED_UNWEIGHTED_MEAN_PRESENT_GENE_ZSCORES	NA	ELIGIBLE_RETAINED	NA	878a08bc18b8cc0270db5f9d5e0b41f5fafd9f97a119ecaa4881b0db7bc80817
PF4C-B2-008	PF4C-B2-008	POST_FREEZE_DISCOVERY	POST-PF4B0036	10.21037/tcr-23-322	POST_FREEZE_DISCOVERY	gene symbol	5	5	FROZEN_V6_CROSSWALK_CANONICAL_UNIQUE_SORTED	c11437b753301873aa54b283a986c07a4cb94f8a1a9e446eae4d268d8f3b8080	UNSIGNED_UNWEIGHTED_MEAN_PRESENT_GENE_ZSCORES	NA	ELIGIBLE_RETAINED	NA	878a08bc18b8cc0270db5f9d5e0b41f5fafd9f97a119ecaa4881b0db7bc80817
PF4C-B2-009	PF4C-B2-009	POST_FREEZE_DISCOVERY	POST-PF4B0040	10.3389/fimmu.2023.1082974	POST_FREEZE_DISCOVERY	Gene expression	5	5	FROZEN_V6_CROSSWALK_CANONICAL_UNIQUE_SORTED	e6105f5551982822ce384d573799734e2b9ca64d714a0e5dabaca59bdbf1b69f	UNSIGNED_UNWEIGHTED_MEAN_PRESENT_GENE_ZSCORES	NA	ELIGIBLE_RETAINED	NA	878a08bc18b8cc0270db5f9d5e0b41f5fafd9f97a119ecaa4881b0db7bc80817
PF4C-B2-010	PF4C-B2-010	POST_FREEZE_DISCOVERY	POST-PF4B0052	10.3390/brainsci12080988	POST_FREEZE_DISCOVERY	Gene expression	4	4	FROZEN_V6_CROSSWALK_CANONICAL_UNIQUE_SORTED	a0e89943059b73a39130cc2c049819b09749f1e90f68509214b5e360c92c2485	UNSIGNED_UNWEIGHTED_MEAN_PRESENT_GENE_ZSCORES	NA	ELIGIBLE_RETAINED	NA	878a08bc18b8cc0270db5f9d5e0b41f5fafd9f97a119ecaa4881b0db7bc80817
PF4C-B2-013	PF4C-B2-013	POST_FREEZE_DISCOVERY	POST-PF4B0068	10.1186/s12885-022-09707-w	POST_FREEZE_DISCOVERY	Gene expression	4	4	FROZEN_V6_CROSSWALK_CANONICAL_UNIQUE_SORTED	1ea0254d13d26636d5b09a5d72079f33a72da1865989480d15ff19c2c2042cdd	UNSIGNED_UNWEIGHTED_MEAN_PRESENT_GENE_ZSCORES	NA	ELIGIBLE_RETAINED	NA	878a08bc18b8cc0270db5f9d5e0b41f5fafd9f97a119ecaa4881b0db7bc80817
PF4C-B2-014	PF4C-B2-014	POST_FREEZE_DISCOVERY	POST-PF4B0070	10.1186/s12885-022-10305-z	POST_FREEZE_DISCOVERY	Gene expression	4	4	FROZEN_V6_CROSSWALK_CANONICAL_UNIQUE_SORTED	3c3bc39d88becfb966e961ca63d6fb5a93883251cc8f2ff2ad156a76c36fda8d	UNSIGNED_UNWEIGHTED_MEAN_PRESENT_GENE_ZSCORES	NA	ELIGIBLE_RETAINED	NA	878a08bc18b8cc0270db5f9d5e0b41f5fafd9f97a119ecaa4881b0db7bc80817
PF4C-B2-015	PF4C-B2-015	POST_FREEZE_DISCOVERY	POST-PF4B0074	10.3389/fgene.2022.912227	POST_FREEZE_DISCOVERY	Gene expression	8	8	FROZEN_V6_CROSSWALK_CANONICAL_UNIQUE_SORTED	f2f67499838eb6a382b3e526e6b479f40af76906173e51ccca86d2f6e14a2d34	UNSIGNED_UNWEIGHTED_MEAN_PRESENT_GENE_ZSCORES	NA	ELIGIBLE_RETAINED	NA	878a08bc18b8cc0270db5f9d5e0b41f5fafd9f97a119ecaa4881b0db7bc80817
PF4C-B2-016	PF4C-B2-016	POST_FREEZE_DISCOVERY	POST-PF4B0077	10.3389/fneur.2022.886913	POST_FREEZE_DISCOVERY	gene symbol	3	3	FROZEN_V6_CROSSWALK_CANONICAL_UNIQUE_SORTED	25498cb645c171f132059c54b2d047270b6e239dec7bfe527188adf1718a718a	UNSIGNED_UNWEIGHTED_MEAN_PRESENT_GENE_ZSCORES	NA	ELIGIBLE_RETAINED	NA	878a08bc18b8cc0270db5f9d5e0b41f5fafd9f97a119ecaa4881b0db7bc80817
PF4C-B2-017	PF4C-B2-017	POST_FREEZE_DISCOVERY	POST-PF4B0084	10.1155/2021/8872977	POST_FREEZE_DISCOVERY	Gene expression	10	10	FROZEN_V6_CROSSWALK_CANONICAL_UNIQUE_SORTED	04e19034dfb719702f2268950564eadbb1f6ff4ccaeaf23bdca8f9100d098433	UNSIGNED_UNWEIGHTED_MEAN_PRESENT_GENE_ZSCORES	NA	ELIGIBLE_RETAINED	NA	878a08bc18b8cc0270db5f9d5e0b41f5fafd9f97a119ecaa4881b0db7bc80817
PF4C-B2-018	PF4C-B2-018	POST_FREEZE_DISCOVERY	POST-PF4B0099	10.1007/s12035-020-02088-w	POST_FREEZE_DISCOVERY	Gene expression	4	4	FROZEN_V6_CROSSWALK_CANONICAL_UNIQUE_SORTED	801059900ea1311d910b6cfc8788a01e8ff794e716127d6e06761f046d080beb	UNSIGNED_UNWEIGHTED_MEAN_PRESENT_GENE_ZSCORES	NA	ELIGIBLE_RETAINED	NA	878a08bc18b8cc0270db5f9d5e0b41f5fafd9f97a119ecaa4881b0db7bc80817
PF4C-B2-019	PF4C-B2-019	POST_FREEZE_DISCOVERY	POST-PF4B0109	10.3389/fimmu.2026.1753274	POST_FREEZE_DISCOVERY	mRNA_gene	6	6	FROZEN_V6_CROSSWALK_CANONICAL_UNIQUE_SORTED	249b7db7f26639817dda5e228ffe200e7bdeac3814830c9596d4bc1b11e3e262	UNSIGNED_UNWEIGHTED_MEAN_PRESENT_GENE_ZSCORES	NA	ELIGIBLE_RETAINED	NA	878a08bc18b8cc0270db5f9d5e0b41f5fafd9f97a119ecaa4881b0db7bc80817
PF4C-B2-021	PF4C-B2-021	POST_FREEZE_DISCOVERY	POST-PF4B0115	10.1007/s12672-025-04017-6	POST_FREEZE_DISCOVERY	Gene expression	5	5	FROZEN_V6_CROSSWALK_CANONICAL_UNIQUE_SORTED	471c4d456c53fed692c53139efca2de970d8eaa559ebdae8e5850f025229800b	UNSIGNED_UNWEIGHTED_MEAN_PRESENT_GENE_ZSCORES	NA	ELIGIBLE_RETAINED	NA	878a08bc18b8cc0270db5f9d5e0b41f5fafd9f97a119ecaa4881b0db7bc80817
PF4C-B2-022	PF4C-B2-022	POST_FREEZE_DISCOVERY	POST-PF4B0136	10.3389/fcell.2020.558961	POST_FREEZE_DISCOVERY	mRNA_gene	5	5	FROZEN_V6_CROSSWALK_CANONICAL_UNIQUE_SORTED	07762ecb2fcfc00327dcc57271526ea124713b0e3b420b048bbeb595711675c1	UNSIGNED_UNWEIGHTED_MEAN_PRESENT_GENE_ZSCORES	NA	ELIGIBLE_RETAINED	NA	878a08bc18b8cc0270db5f9d5e0b41f5fafd9f97a119ecaa4881b0db7bc80817
PF4C-B2-023	PF4C-B2-023	POST_FREEZE_DISCOVERY	POST-PF4B0138	10.18632/oncotarget.11726	POST_FREEZE_DISCOVERY	mRNA_gene	3	3	FROZEN_V6_CROSSWALK_CANONICAL_UNIQUE_SORTED	9698d333013be38606bafdf77042597a8b8e25811123ba2415e30accd3c94a2c	UNSIGNED_UNWEIGHTED_MEAN_PRESENT_GENE_ZSCORES	NA	ELIGIBLE_RETAINED	NA	878a08bc18b8cc0270db5f9d5e0b41f5fafd9f97a119ecaa4881b0db7bc80817
PF4C-B2-025	PF4C-B2-025	POST_FREEZE_DISCOVERY	POST-PF4B0048	10.3389/fneur.2023.1188383	POST_FREEZE_DISCOVERY	mRNA_gene	5	5	FROZEN_V6_CROSSWALK_CANONICAL_UNIQUE_SORTED	1bc1b20c957618c4863962eda9ae51195fa6f4da5746962349b87d575179d1da	UNSIGNED_UNWEIGHTED_MEAN_PRESENT_GENE_ZSCORES	NA	ELIGIBLE_RETAINED	NA	878a08bc18b8cc0270db5f9d5e0b41f5fafd9f97a119ecaa4881b0db7bc80817
PF4C-B2-026	PF4C-B2-026	POST_FREEZE_DISCOVERY	POST-PF4B0069	10.3389/fonc.2022.868415	POST_FREEZE_DISCOVERY	Gene expression	9	9	FROZEN_V6_CROSSWALK_CANONICAL_UNIQUE_SORTED	f06ccae111943cf44e98ad357b1293fc31c76a4cbf26a802bf96c9a4b398a80b	UNSIGNED_UNWEIGHTED_MEAN_PRESENT_GENE_ZSCORES	NA	ELIGIBLE_RETAINED	NA	878a08bc18b8cc0270db5f9d5e0b41f5fafd9f97a119ecaa4881b0db7bc80817
PF4C-B2-027	PF4C-B2-027	POST_FREEZE_DISCOVERY	POST-PF4B0075	10.1002/brb3.2575	POST_FREEZE_DISCOVERY	Gene expression	5	5	FROZEN_V6_CROSSWALK_CANONICAL_UNIQUE_SORTED	7aa6b1017181f96f9650e97ee11201936be87e157eee89c9c65868b732e4ea5c	UNSIGNED_UNWEIGHTED_MEAN_PRESENT_GENE_ZSCORES	NA	ELIGIBLE_RETAINED	NA	878a08bc18b8cc0270db5f9d5e0b41f5fafd9f97a119ecaa4881b0db7bc80817
PF4C-B2-028	PF4C-B2-028	POST_FREEZE_DISCOVERY	POST-PF4B0085	10.3389/fonc.2021.697198	POST_FREEZE_DISCOVERY	Gene expression	3	3	FROZEN_V6_CROSSWALK_CANONICAL_UNIQUE_SORTED	be4c5f4d45ef73894fc5a1990e8110cc2aa700a25051ba35c7f95791f95d7095	UNSIGNED_UNWEIGHTED_MEAN_PRESENT_GENE_ZSCORES	NA	ELIGIBLE_RETAINED	NA	878a08bc18b8cc0270db5f9d5e0b41f5fafd9f97a119ecaa4881b0db7bc80817
PF4C-B2-029	PF4C-B2-029	POST_FREEZE_DISCOVERY	POST-PF4B0098	10.3389/fonc.2020.01631	POST_FREEZE_DISCOVERY	Gene expression	17	17	FROZEN_V6_CROSSWALK_CANONICAL_UNIQUE_SORTED	d28baaf8cf87bb18c4c0bd392b6a96050992990fd2a09042563c3a4ee6171176	UNSIGNED_UNWEIGHTED_MEAN_PRESENT_GENE_ZSCORES	NA	ELIGIBLE_RETAINED	NA	878a08bc18b8cc0270db5f9d5e0b41f5fafd9f97a119ecaa4881b0db7bc80817
PF4C-B2-030	PF4C-B2-030	POST_FREEZE_DISCOVERY	POST-PF4B0145	10.21037/atm-22-6271	POST_FREEZE_DISCOVERY	Gene expression	4	4	FROZEN_V6_CROSSWALK_CANONICAL_UNIQUE_SORTED	8237d2b05e98251de99de72c8d387b79ca16e3d83d13a792720981384cd1121c	UNSIGNED_UNWEIGHTED_MEAN_PRESENT_GENE_ZSCORES	NA	ELIGIBLE_RETAINED	NA	878a08bc18b8cc0270db5f9d5e0b41f5fafd9f97a119ecaa4881b0db7bc80817
PF4C-B3-001	PF4C-B3-001	POST_FREEZE_DISCOVERY	POST-PF4B0054	10.3389/fcell.2022.916415	POST_FREEZE_DISCOVERY	Gene expression	4	4	FROZEN_V6_CROSSWALK_CANONICAL_UNIQUE_SORTED	e707139a4904188a971ebe968f6643f0c081152ac135c6922c3e956b53ddc5ca	UNSIGNED_UNWEIGHTED_MEAN_PRESENT_GENE_ZSCORES	NA	ELIGIBLE_RETAINED	NA	878a08bc18b8cc0270db5f9d5e0b41f5fafd9f97a119ecaa4881b0db7bc80817
PF4C-B3-002	PF4C-B3-002	POST_FREEZE_DISCOVERY	POST-PF4B0055	10.2147/ijgm.s353762	POST_FREEZE_DISCOVERY	Gene expression	3	3	FROZEN_V6_CROSSWALK_CANONICAL_UNIQUE_SORTED	83467b1375be34cc98a7779859d8211bccfb2f8c5612ed7e4f26d38c46a234b1	UNSIGNED_UNWEIGHTED_MEAN_PRESENT_GENE_ZSCORES	NA	ELIGIBLE_RETAINED	NA	878a08bc18b8cc0270db5f9d5e0b41f5fafd9f97a119ecaa4881b0db7bc80817
PF4C-B3-003	PF4C-B3-003	POST_FREEZE_DISCOVERY	POST-PF4B0057	10.3389/fgene.2022.976356	POST_FREEZE_DISCOVERY	Gene expression	6	6	FROZEN_V6_CROSSWALK_CANONICAL_UNIQUE_SORTED	5ae1412fc838dc5bec0a7c2323ccaab323d020cfaf5f879f70de2536e20bbc69	UNSIGNED_UNWEIGHTED_MEAN_PRESENT_GENE_ZSCORES	NA	ELIGIBLE_RETAINED	NA	878a08bc18b8cc0270db5f9d5e0b41f5fafd9f97a119ecaa4881b0db7bc80817
PF4C-B3-005	PF4C-B3-005	POST_FREEZE_DISCOVERY	POST-PF4B0061	10.3389/fneur.2022.1064349	POST_FREEZE_DISCOVERY	mRNA_gene	5	5	FROZEN_V6_CROSSWALK_CANONICAL_UNIQUE_SORTED	2ed8e18aec490944a3794b3734fde7a027ef0541d8a681965fffdb847a3e5aee	UNSIGNED_UNWEIGHTED_MEAN_PRESENT_GENE_ZSCORES	NA	ELIGIBLE_RETAINED	NA	878a08bc18b8cc0270db5f9d5e0b41f5fafd9f97a119ecaa4881b0db7bc80817
PF4C-B3-006	PF4C-B3-006	POST_FREEZE_DISCOVERY	POST-PF4B0062	10.3389/fonc.2022.855434	POST_FREEZE_DISCOVERY	Gene expression	4	4	FROZEN_V6_CROSSWALK_CANONICAL_UNIQUE_SORTED	d622f1e635d72da99de3f7631e5edd8d09840dd321f359b0b39c80e768b7dc87	UNSIGNED_UNWEIGHTED_MEAN_PRESENT_GENE_ZSCORES	NA	ELIGIBLE_RETAINED	NA	878a08bc18b8cc0270db5f9d5e0b41f5fafd9f97a119ecaa4881b0db7bc80817
PF4C-B3-007	PF4C-B3-007	POST_FREEZE_DISCOVERY	POST-PF4B0065	10.3389/fgene.2022.1035368	POST_FREEZE_DISCOVERY	Gene expression	5	5	FROZEN_V6_CROSSWALK_CANONICAL_UNIQUE_SORTED	074223226a604aa193e3a2b5f90951b8add77a5d9d596efeb7a449636d15a28f	UNSIGNED_UNWEIGHTED_MEAN_PRESENT_GENE_ZSCORES	NA	ELIGIBLE_RETAINED	NA	878a08bc18b8cc0270db5f9d5e0b41f5fafd9f97a119ecaa4881b0db7bc80817
PF4C-B3-008	PF4C-B3-008	POST_FREEZE_DISCOVERY	POST-PF4B0066	10.3389/fgene.2022.934683	POST_FREEZE_DISCOVERY	Gene expression	14	14	FROZEN_V6_CROSSWALK_CANONICAL_UNIQUE_SORTED	d7aada493fcba7bd040ccf727ad617398ea3378aff82ac6da217891efe516a12	UNSIGNED_UNWEIGHTED_MEAN_PRESENT_GENE_ZSCORES	NA	ELIGIBLE_RETAINED	NA	878a08bc18b8cc0270db5f9d5e0b41f5fafd9f97a119ecaa4881b0db7bc80817
PF4C-B3-009	PF4C-B3-009	POST_FREEZE_DISCOVERY	POST-PF4B0067	10.7150/jca.72893	POST_FREEZE_DISCOVERY	Gene expression	7	7	FROZEN_V6_CROSSWALK_CANONICAL_UNIQUE_SORTED	c183756e4097625331a4280fe1e0dbd820dc1d23d5f0dba4d6aa8fd7140e4a9a	UNSIGNED_UNWEIGHTED_MEAN_PRESENT_GENE_ZSCORES	NA	ELIGIBLE_RETAINED	NA	878a08bc18b8cc0270db5f9d5e0b41f5fafd9f97a119ecaa4881b0db7bc80817
PF4C-B3-010	PF4C-B3-010	POST_FREEZE_DISCOVERY	POST-PF4B0071	10.1111/cns.13956	POST_FREEZE_DISCOVERY	mRNA_gene	11	11	FROZEN_V6_CROSSWALK_CANONICAL_UNIQUE_SORTED	9ec0e2576dd1fc711608bf66f0371ac90fd4d4e4f79d9f5958dcf0e5c18f56a9	UNSIGNED_UNWEIGHTED_MEAN_PRESENT_GENE_ZSCORES	NA	ELIGIBLE_RETAINED	NA	878a08bc18b8cc0270db5f9d5e0b41f5fafd9f97a119ecaa4881b0db7bc80817
PF4C-B3-013	PF4C-B3-013	POST_FREEZE_DISCOVERY	POST-PF4B0078	10.1186/s12885-022-09230-y	POST_FREEZE_DISCOVERY	Gene expression	3	3	FROZEN_V6_CROSSWALK_CANONICAL_UNIQUE_SORTED	7afc49d97fe76a5648f9dd06a7360224e2ffce6a224514eefcad75bf745a3291	UNSIGNED_UNWEIGHTED_MEAN_PRESENT_GENE_ZSCORES	NA	ELIGIBLE_RETAINED	NA	878a08bc18b8cc0270db5f9d5e0b41f5fafd9f97a119ecaa4881b0db7bc80817
PF4C-B3-014	PF4C-B3-014	POST_FREEZE_DISCOVERY	POST-PF4B0079	10.3389/fonc.2022.1008219	POST_FREEZE_DISCOVERY	mRNA_gene	14	14	FROZEN_V6_CROSSWALK_CANONICAL_UNIQUE_SORTED	7579261c8f8526f05818af61bf43666853f5c91cb556b74cad41e213baac1e1f	UNSIGNED_UNWEIGHTED_MEAN_PRESENT_GENE_ZSCORES	NA	ELIGIBLE_RETAINED	NA	878a08bc18b8cc0270db5f9d5e0b41f5fafd9f97a119ecaa4881b0db7bc80817
PF4C-B3-015	PF4C-B3-015	POST_FREEZE_DISCOVERY	POST-PF4B0080	10.1097/md.0000000000030643	POST_FREEZE_DISCOVERY	Gene expression	3	3	FROZEN_V6_CROSSWALK_CANONICAL_UNIQUE_SORTED	f9e705d98c7f46d3137f14876c7f1de6573be21cea02f095b7091af210500c40	UNSIGNED_UNWEIGHTED_MEAN_PRESENT_GENE_ZSCORES	NA	ELIGIBLE_RETAINED	NA	878a08bc18b8cc0270db5f9d5e0b41f5fafd9f97a119ecaa4881b0db7bc80817
PF4C-B3-016	PF4C-B3-016	POST_FREEZE_DISCOVERY	POST-PF4B0082	10.3389/fcell.2022.862493	POST_FREEZE_DISCOVERY	Gene expression	4	4	FROZEN_V6_CROSSWALK_CANONICAL_UNIQUE_SORTED	3e5571943e35d31abd481c2e42d0f29fa0e4dbf8cf19c19ca26e5d97a939984d	UNSIGNED_UNWEIGHTED_MEAN_PRESENT_GENE_ZSCORES	NA	ELIGIBLE_RETAINED	NA	878a08bc18b8cc0270db5f9d5e0b41f5fafd9f97a119ecaa4881b0db7bc80817
PF4C-B3-017	PF4C-B3-017	POST_FREEZE_DISCOVERY	POST-PF4B0087	10.1186/s12885-021-09046-2	POST_FREEZE_DISCOVERY	Gene expression	10	10	FROZEN_V6_CROSSWALK_CANONICAL_UNIQUE_SORTED	c1a52f4279e4eb168cb118e0383d2e85b674c83b4c00e592934a2279498c467e	UNSIGNED_UNWEIGHTED_MEAN_PRESENT_GENE_ZSCORES	NA	ELIGIBLE_RETAINED	NA	878a08bc18b8cc0270db5f9d5e0b41f5fafd9f97a119ecaa4881b0db7bc80817
PF4C-B3-018	PF4C-B3-018	POST_FREEZE_DISCOVERY	POST-PF4B0088	10.3389/fmolb.2021.720020	POST_FREEZE_DISCOVERY	Gene expression	5	5	FROZEN_V6_CROSSWALK_CANONICAL_UNIQUE_SORTED	7afad09c93dca8be57d9fb234e6a4d137be73a0820cebc8c8753cb6ff5e759f4	UNSIGNED_UNWEIGHTED_MEAN_PRESENT_GENE_ZSCORES	NA	ELIGIBLE_RETAINED	NA	878a08bc18b8cc0270db5f9d5e0b41f5fafd9f97a119ecaa4881b0db7bc80817
PF4C-B3-019	PF4C-B3-019	POST_FREEZE_DISCOVERY	POST-PF4B0089	10.1155/2021/6620159	POST_FREEZE_DISCOVERY	Gene expression	15	15	FROZEN_V6_CROSSWALK_CANONICAL_UNIQUE_SORTED	9919f687840417fbdef02fccf946c19ff43a8c2d0cd787085ffa710c15d9d9d2	UNSIGNED_UNWEIGHTED_MEAN_PRESENT_GENE_ZSCORES	NA	ELIGIBLE_RETAINED	NA	878a08bc18b8cc0270db5f9d5e0b41f5fafd9f97a119ecaa4881b0db7bc80817
PF4C-B3-020	PF4C-B3-020	POST_FREEZE_DISCOVERY	POST-PF4B0090	10.3892/ol.2020.12377	POST_FREEZE_DISCOVERY	Gene expression	15	15	FROZEN_V6_CROSSWALK_CANONICAL_UNIQUE_SORTED	9322120d43e3e47ee954132b2c8d76531982f3fd4063951df5eb66561b6048c5	UNSIGNED_UNWEIGHTED_MEAN_PRESENT_GENE_ZSCORES	NA	ELIGIBLE_RETAINED	NA	878a08bc18b8cc0270db5f9d5e0b41f5fafd9f97a119ecaa4881b0db7bc80817
PF4C-B3-021	PF4C-B3-021	POST_FREEZE_DISCOVERY	POST-PF4B0091	10.1097/md.0000000000025603	POST_FREEZE_DISCOVERY	Gene expression	8	8	FROZEN_V6_CROSSWALK_CANONICAL_UNIQUE_SORTED	e6994ba12611870fd87b14e8e0c24783feea11a0b0a42ccc62505db330e97a0f	UNSIGNED_UNWEIGHTED_MEAN_PRESENT_GENE_ZSCORES	NA	ELIGIBLE_RETAINED	NA	878a08bc18b8cc0270db5f9d5e0b41f5fafd9f97a119ecaa4881b0db7bc80817
PF4C-B3-023	PF4C-B3-023	POST_FREEZE_DISCOVERY	POST-PF4B0093	10.7717/peerj.11350	POST_FREEZE_DISCOVERY	Gene expression	20	20	FROZEN_V6_CROSSWALK_CANONICAL_UNIQUE_SORTED	e8471e6fff19784ba565aa2712d6bd1cf43c8abbfb6becf3cc081e5c98b2f418	UNSIGNED_UNWEIGHTED_MEAN_PRESENT_GENE_ZSCORES	NA	ELIGIBLE_RETAINED	NA	878a08bc18b8cc0270db5f9d5e0b41f5fafd9f97a119ecaa4881b0db7bc80817
PF4C-B3-024	PF4C-B3-024	POST_FREEZE_DISCOVERY	POST-PF4B0094	10.7150/jca.54565	POST_FREEZE_DISCOVERY	mRNA_gene	4	4	FROZEN_V6_CROSSWALK_CANONICAL_UNIQUE_SORTED	263cee0f80fd628dadabca0db552272866faa07f2e6b435c7d3c0b06644027f7	UNSIGNED_UNWEIGHTED_MEAN_PRESENT_GENE_ZSCORES	NA	ELIGIBLE_RETAINED	NA	878a08bc18b8cc0270db5f9d5e0b41f5fafd9f97a119ecaa4881b0db7bc80817
PF4C-B3-025	PF4C-B3-025	POST_FREEZE_DISCOVERY	POST-PF4B0096	10.3389/fonc.2020.571189	POST_FREEZE_DISCOVERY	Gene expression	15	15	FROZEN_V6_CROSSWALK_CANONICAL_UNIQUE_SORTED	927d3652251e1fe33f232ba740bb545b9f39cb8b8b3ed669e2ac6eab6d6c1c28	UNSIGNED_UNWEIGHTED_MEAN_PRESENT_GENE_ZSCORES	NA	ELIGIBLE_RETAINED	NA	878a08bc18b8cc0270db5f9d5e0b41f5fafd9f97a119ecaa4881b0db7bc80817
PF4C-B3-026	PF4C-B3-026	POST_FREEZE_DISCOVERY	POST-PF4B0097	10.3389/fonc.2020.01119	POST_FREEZE_DISCOVERY	Gene expression	5	5	FROZEN_V6_CROSSWALK_CANONICAL_UNIQUE_SORTED	7b682c755ea43f14f7a52a3d67eaf6fcd113f4222348e4a97a8d360b17bf5d32	UNSIGNED_UNWEIGHTED_MEAN_PRESENT_GENE_ZSCORES	NA	ELIGIBLE_RETAINED	NA	878a08bc18b8cc0270db5f9d5e0b41f5fafd9f97a119ecaa4881b0db7bc80817
PF4C-B3-028	PF4C-B3-028	POST_FREEZE_DISCOVERY	POST-PF4B0117	10.1111/cns.70083	POST_FREEZE_DISCOVERY	mRNA_gene	5	5	FROZEN_V6_CROSSWALK_CANONICAL_UNIQUE_SORTED	f590b5243655f5de16aecd7591ac4273036636716b8818147c5306fa8c1c69df	UNSIGNED_UNWEIGHTED_MEAN_PRESENT_GENE_ZSCORES	NA	ELIGIBLE_RETAINED	NA	878a08bc18b8cc0270db5f9d5e0b41f5fafd9f97a119ecaa4881b0db7bc80817
PF4C-B3-029	PF4C-B3-029	POST_FREEZE_DISCOVERY	POST-PF4B0118	10.1007/s12672-024-01664-z	POST_FREEZE_DISCOVERY	mRNA_gene	21	21	FROZEN_V6_CROSSWALK_CANONICAL_UNIQUE_SORTED	f534c84b9101f224b5e30d3bf39c3ab4f09e43ebdfa4d994c538ecab8f8ea568	UNSIGNED_UNWEIGHTED_MEAN_PRESENT_GENE_ZSCORES	NA	ELIGIBLE_RETAINED	NA	878a08bc18b8cc0270db5f9d5e0b41f5fafd9f97a119ecaa4881b0db7bc80817
PF4C-B3-030	PF4C-B3-030	POST_FREEZE_DISCOVERY	POST-PF4B0119	10.32604/or.2024.046191	POST_FREEZE_DISCOVERY	Gene expression	4	4	FROZEN_V6_CROSSWALK_CANONICAL_UNIQUE_SORTED	f9e1eb9edc0a7387d4d59ebbe38813c6583178b513eea1ec87f8a54b710fbf9a	UNSIGNED_UNWEIGHTED_MEAN_PRESENT_GENE_ZSCORES	NA	ELIGIBLE_RETAINED	NA	878a08bc18b8cc0270db5f9d5e0b41f5fafd9f97a119ecaa4881b0db7bc80817
PF4C-B4-001	PF4C-B4-001	POST_FREEZE_DISCOVERY	POST-PF4B0001	10.1111/cas.13878	POST_FREEZE_DISCOVERY	mRNA_gene	30	30	FROZEN_V6_CROSSWALK_CANONICAL_UNIQUE_SORTED	2c53f0cf470198c217f380083ddda9f0fa14e128162a55df8ce4e3b0760c6a46	UNSIGNED_UNWEIGHTED_MEAN_PRESENT_GENE_ZSCORES	NA	ELIGIBLE_RETAINED	NA	878a08bc18b8cc0270db5f9d5e0b41f5fafd9f97a119ecaa4881b0db7bc80817
PF4C-B4-002	PF4C-B4-002	POST_FREEZE_DISCOVERY	POST-PF4B0002	10.1002/acn3.70066	POST_FREEZE_DISCOVERY	mRNA_gene	5	5	FROZEN_V6_CROSSWALK_CANONICAL_UNIQUE_SORTED	93895eb2b2658d47ddf846617bb8a4fc06e2605389161ce3472017832fd6b0c9	UNSIGNED_UNWEIGHTED_MEAN_PRESENT_GENE_ZSCORES	NA	ELIGIBLE_RETAINED	NA	878a08bc18b8cc0270db5f9d5e0b41f5fafd9f97a119ecaa4881b0db7bc80817
PF4C-B4-003	PF4C-B4-003	POST_FREEZE_DISCOVERY	POST-PF4B0003	10.3892/mco.2025.2918	POST_FREEZE_DISCOVERY	mRNA_gene	8	8	FROZEN_V6_CROSSWALK_CANONICAL_UNIQUE_SORTED	2656c63b7015147e1302f1e9a277da53aa0ffe1f5c1524d6e3b9cf506410cc73	UNSIGNED_UNWEIGHTED_MEAN_PRESENT_GENE_ZSCORES	NA	ELIGIBLE_RETAINED	NA	878a08bc18b8cc0270db5f9d5e0b41f5fafd9f97a119ecaa4881b0db7bc80817
PF4C-B4-007	PF4C-B4-007	POST_FREEZE_DISCOVERY	POST-PF4B0007	10.3389/fcell.2025.1754988	POST_FREEZE_DISCOVERY	Gene expression	5	5	FROZEN_V6_CROSSWALK_CANONICAL_UNIQUE_SORTED	429e7e9a642b8c2a237183cff6b83fec9ed2b5e75336a2b14d723db3a8528e05	UNSIGNED_UNWEIGHTED_MEAN_PRESENT_GENE_ZSCORES	NA	ELIGIBLE_RETAINED	NA	878a08bc18b8cc0270db5f9d5e0b41f5fafd9f97a119ecaa4881b0db7bc80817
PF4C-B4-009	PF4C-B4-009	POST_FREEZE_DISCOVERY	POST-PF4B0010	10.1007/s12672-025-04220-5	POST_FREEZE_DISCOVERY	mRNA_gene_symbol	10	10	FROZEN_V6_CROSSWALK_CANONICAL_UNIQUE_SORTED	2af01511c97a2ab42cd19f5d74f068f5291455f37fc42d379dbc84a835ead46a	UNSIGNED_UNWEIGHTED_MEAN_PRESENT_GENE_ZSCORES	NA	ELIGIBLE_RETAINED	NA	878a08bc18b8cc0270db5f9d5e0b41f5fafd9f97a119ecaa4881b0db7bc80817
PF4C-B4-010	PF4C-B4-010	POST_FREEZE_DISCOVERY	POST-PF4B0012	10.1016/j.heliyon.2024.e41601	POST_FREEZE_DISCOVERY	Gene expression	7	7	FROZEN_V6_CROSSWALK_CANONICAL_UNIQUE_SORTED	0e6baae63a6e70b8ed9c3d3fac462515bd4c13a5f50b35a71502d1b5b0c7b114	UNSIGNED_UNWEIGHTED_MEAN_PRESENT_GENE_ZSCORES	NA	ELIGIBLE_RETAINED	NA	878a08bc18b8cc0270db5f9d5e0b41f5fafd9f97a119ecaa4881b0db7bc80817
PF4C-B4-011	PF4C-B4-011	POST_FREEZE_DISCOVERY	POST-PF4B0013	10.21037/tcr-24-2045	POST_FREEZE_DISCOVERY	mRNA_gene_symbol	7	7	FROZEN_V6_CROSSWALK_CANONICAL_UNIQUE_SORTED	22779034a42b985b614cdcab70f3d050413ebbad7eda08111b55c352408c02ec	UNSIGNED_UNWEIGHTED_MEAN_PRESENT_GENE_ZSCORES	NA	ELIGIBLE_RETAINED	NA	878a08bc18b8cc0270db5f9d5e0b41f5fafd9f97a119ecaa4881b0db7bc80817
PF4C-B4-012	PF4C-B4-012	POST_FREEZE_DISCOVERY	POST-PF4B0017	10.1186/s12885-025-15312-4	POST_FREEZE_DISCOVERY	mRNA_gene_symbol	11	11	FROZEN_V6_CROSSWALK_CANONICAL_UNIQUE_SORTED	77669fdc7680ad7f89a5163475d0fa21b3433dfbb9964cbe1604d85ce51f31d9	UNSIGNED_UNWEIGHTED_MEAN_PRESENT_GENE_ZSCORES	NA	ELIGIBLE_RETAINED	NA	878a08bc18b8cc0270db5f9d5e0b41f5fafd9f97a119ecaa4881b0db7bc80817
PF4C-B4-015	PF4C-B4-015	POST_FREEZE_DISCOVERY	POST-PF4B0021	10.3389/fonc.2025.1554845	POST_FREEZE_DISCOVERY	mRNA_gene_symbol	14	14	FROZEN_V6_CROSSWALK_CANONICAL_UNIQUE_SORTED	00979aaa0fba5b71a09ecb60e2491d46986a122807146769fe3cc1a0d0bc25bc	UNSIGNED_UNWEIGHTED_MEAN_PRESENT_GENE_ZSCORES	NA	ELIGIBLE_RETAINED	NA	878a08bc18b8cc0270db5f9d5e0b41f5fafd9f97a119ecaa4881b0db7bc80817
PF4C-B4-016	PF4C-B4-016	POST_FREEZE_DISCOVERY	POST-PF4B0023	10.3389/fimmu.2025.1693940	POST_FREEZE_DISCOVERY	mRNA_gene_symbol	10	10	FROZEN_V6_CROSSWALK_CANONICAL_UNIQUE_SORTED	16bde315fda64d1255b0ec096d4c0bec59f8ac8741215019a0ec7392fe0f1cef	UNSIGNED_UNWEIGHTED_MEAN_PRESENT_GENE_ZSCORES	NA	ELIGIBLE_RETAINED	NA	878a08bc18b8cc0270db5f9d5e0b41f5fafd9f97a119ecaa4881b0db7bc80817
PF4C-B4-017	PF4C-B4-017	POST_FREEZE_DISCOVERY	POST-PF4B0025	10.1186/s41065-024-00355-7	POST_FREEZE_DISCOVERY	Gene expression	9	9	FROZEN_V6_CROSSWALK_CANONICAL_UNIQUE_SORTED	dbef76910995ec3f3084f5a20ce66f0405fbd0cc4961cf0827bda5c9eddd0b01	UNSIGNED_UNWEIGHTED_MEAN_PRESENT_GENE_ZSCORES	NA	ELIGIBLE_RETAINED	NA	878a08bc18b8cc0270db5f9d5e0b41f5fafd9f97a119ecaa4881b0db7bc80817
PF4C-B4-018	PF4C-B4-018	POST_FREEZE_DISCOVERY	POST-PF4B0026	10.1186/s12935-024-03517-9	POST_FREEZE_DISCOVERY	mRNA_gene_symbol	7	7	FROZEN_V6_CROSSWALK_CANONICAL_UNIQUE_SORTED	33cddaaf2bd6e8d72361a205c1237a158604c060e13218b86bd191d17f9f85c6	UNSIGNED_UNWEIGHTED_MEAN_PRESENT_GENE_ZSCORES	NA	ELIGIBLE_RETAINED	NA	878a08bc18b8cc0270db5f9d5e0b41f5fafd9f97a119ecaa4881b0db7bc80817
PF4C-B4-021	PF4C-B4-021	POST_FREEZE_DISCOVERY	POST-PF4B0032	10.3389/fcell.2024.1375030	POST_FREEZE_DISCOVERY	Gene expression	16	16	FROZEN_V6_CROSSWALK_CANONICAL_UNIQUE_SORTED	55524b663b21237376cfdfc810ace1d467d2456a77fb96b2ae6b89f5c88ba1f3	UNSIGNED_UNWEIGHTED_MEAN_PRESENT_GENE_ZSCORES	NA	ELIGIBLE_RETAINED	NA	878a08bc18b8cc0270db5f9d5e0b41f5fafd9f97a119ecaa4881b0db7bc80817
PF4C-B4-023	PF4C-B4-023	POST_FREEZE_DISCOVERY	POST-PF4B0037	10.1002/cam4.5247	POST_FREEZE_DISCOVERY	Gene expression	3	3	FROZEN_V6_CROSSWALK_CANONICAL_UNIQUE_SORTED	9d526a3ea08e94dc0b16c0a441ad062b5a17182b17153a3c5d1ee5a618f90286	UNSIGNED_UNWEIGHTED_MEAN_PRESENT_GENE_ZSCORES	NA	ELIGIBLE_RETAINED	NA	878a08bc18b8cc0270db5f9d5e0b41f5fafd9f97a119ecaa4881b0db7bc80817
PF4C-B4-024	PF4C-B4-024	POST_FREEZE_DISCOVERY	POST-PF4B0038	10.18632/aging.205088	POST_FREEZE_DISCOVERY	mRNA_gene_symbol	7	7	FROZEN_V6_CROSSWALK_CANONICAL_UNIQUE_SORTED	942a09e075cef65f1caa632f84889da7a21979e5ecb330b61ce62a054ff0546f	UNSIGNED_UNWEIGHTED_MEAN_PRESENT_GENE_ZSCORES	NA	ELIGIBLE_RETAINED	NA	878a08bc18b8cc0270db5f9d5e0b41f5fafd9f97a119ecaa4881b0db7bc80817
PF4C-B4-025	PF4C-B4-025	POST_FREEZE_DISCOVERY	POST-PF4B0042	10.1186/s12967-023-04388-w	POST_FREEZE_DISCOVERY	mRNA_gene_symbol	9	9	FROZEN_V6_CROSSWALK_CANONICAL_UNIQUE_SORTED	a66845763181abddb6f1ce8d18b27a289965f1d34ea50fe9b1a03b9dd82a6879	UNSIGNED_UNWEIGHTED_MEAN_PRESENT_GENE_ZSCORES	NA	ELIGIBLE_RETAINED	NA	878a08bc18b8cc0270db5f9d5e0b41f5fafd9f97a119ecaa4881b0db7bc80817
PF4C-B4-026	PF4C-B4-026	POST_FREEZE_DISCOVERY	POST-PF4B0044	10.3389/fonc.2023.1109037	POST_FREEZE_DISCOVERY	mRNA_gene_symbol	15	15	FROZEN_V6_CROSSWALK_CANONICAL_UNIQUE_SORTED	65b5272c8776c1540e775e326bffae3af525a41bcbbae6bf95307b0805a49488	UNSIGNED_UNWEIGHTED_MEAN_PRESENT_GENE_ZSCORES	NA	ELIGIBLE_RETAINED	NA	878a08bc18b8cc0270db5f9d5e0b41f5fafd9f97a119ecaa4881b0db7bc80817
PF4C-B4-027	PF4C-B4-027	POST_FREEZE_DISCOVERY	POST-PF4B0045	10.3389/fimmu.2023.1021678	POST_FREEZE_DISCOVERY	Gene expression	11	11	FROZEN_V6_CROSSWALK_CANONICAL_UNIQUE_SORTED	4ab5bff31b66fd4f8b5254afe009119143f21285851de3521bb4b99c4ccb8532	UNSIGNED_UNWEIGHTED_MEAN_PRESENT_GENE_ZSCORES	NA	ELIGIBLE_RETAINED	NA	878a08bc18b8cc0270db5f9d5e0b41f5fafd9f97a119ecaa4881b0db7bc80817
PF4C-B4-029	PF4C-B4-029	POST_FREEZE_DISCOVERY	POST-PF4B0047	10.5937/jomb0-39234	POST_FREEZE_DISCOVERY	Gene expression	4	4	FROZEN_V6_CROSSWALK_CANONICAL_UNIQUE_SORTED	6c2e5b1bb0c03c4123d7334574f6b4a63282b71c6ab78531de4a081231e1f55a	UNSIGNED_UNWEIGHTED_MEAN_PRESENT_GENE_ZSCORES	NA	ELIGIBLE_RETAINED	NA	878a08bc18b8cc0270db5f9d5e0b41f5fafd9f97a119ecaa4881b0db7bc80817
PF4C-B4-030	PF4C-B4-030	POST_FREEZE_DISCOVERY	POST-PF4B0049	10.3389/fnmol.2023.1198713	POST_FREEZE_DISCOVERY	Gene expression	5	5	FROZEN_V6_CROSSWALK_CANONICAL_UNIQUE_SORTED	ba2d9d55b6e9b18435fe25240a3dd656e1d300faa4c57b361b24a1261b6d8a00	UNSIGNED_UNWEIGHTED_MEAN_PRESENT_GENE_ZSCORES	NA	ELIGIBLE_RETAINED	NA	878a08bc18b8cc0270db5f9d5e0b41f5fafd9f97a119ecaa4881b0db7bc80817
PF4C-FINAL-001	PF4C-FINAL-001	POST_FREEZE_DISCOVERY	POST-PF4B0050	10.3389/fmolb.2022.849723	POST_FREEZE_DISCOVERY	gene_expression	4	4	FROZEN_V6_CROSSWALK_CANONICAL_UNIQUE_SORTED	aebf62c1e991288e3a3c11240992ac417caed302b6d6420b90ce139b1a39b245	UNSIGNED_UNWEIGHTED_MEAN_PRESENT_GENE_ZSCORES	NA	ELIGIBLE_RETAINED	NA	878a08bc18b8cc0270db5f9d5e0b41f5fafd9f97a119ecaa4881b0db7bc80817
PF4C-FINAL-002	PF4C-FINAL-002	POST_FREEZE_DISCOVERY	POST-PF4B0053	10.1155/2022/4966820	POST_FREEZE_DISCOVERY	gene_or_feature_as_locked_in_phase4d	11	11	FROZEN_V6_CROSSWALK_CANONICAL_UNIQUE_SORTED	fd86d8e74988e7285337b2e2cb42ddbc0d0d357b4ee86a6723c10041086c1209	UNSIGNED_UNWEIGHTED_MEAN_PRESENT_GENE_ZSCORES	NA	ELIGIBLE_RETAINED	NA	878a08bc18b8cc0270db5f9d5e0b41f5fafd9f97a119ecaa4881b0db7bc80817
PF4C-FINAL-003	PF4C-FINAL-003	POST_FREEZE_DISCOVERY	POST-PF4B0056	10.1111/cns.13944	POST_FREEZE_DISCOVERY	gene_expression	4	4	FROZEN_V6_CROSSWALK_CANONICAL_UNIQUE_SORTED	30d7da741217e41d6ffab7f9e84813170233c42f623cb694e0e917117d1aad5f	UNSIGNED_UNWEIGHTED_MEAN_PRESENT_GENE_ZSCORES	NA	ELIGIBLE_RETAINED	NA	878a08bc18b8cc0270db5f9d5e0b41f5fafd9f97a119ecaa4881b0db7bc80817
PF4C-FINAL-004	PF4C-FINAL-004	POST_FREEZE_DISCOVERY	POST-PF4B0058	10.3389/fgene.2022.992995	POST_FREEZE_DISCOVERY	gene_expression	5	5	FROZEN_V6_CROSSWALK_CANONICAL_UNIQUE_SORTED	6f219d5f5453d353cb96507c5959ea652a7d102600e59cf26a9a86cac6ef159a	UNSIGNED_UNWEIGHTED_MEAN_PRESENT_GENE_ZSCORES	NA	ELIGIBLE_RETAINED	NA	878a08bc18b8cc0270db5f9d5e0b41f5fafd9f97a119ecaa4881b0db7bc80817
PF4C-FINAL-008	PF4C-FINAL-008	POST_FREEZE_DISCOVERY	POST-PF4B0105	10.1007/s11010-026-05525-x	POST_FREEZE_DISCOVERY	gene_expression	11	11	FROZEN_V6_CROSSWALK_CANONICAL_UNIQUE_SORTED	9ed14eb4de88986d6a7b2105f33676ea9d26d44368c5d07a36b0b63d292d0d59	UNSIGNED_UNWEIGHTED_MEAN_PRESENT_GENE_ZSCORES	NA	ELIGIBLE_RETAINED	NA	878a08bc18b8cc0270db5f9d5e0b41f5fafd9f97a119ecaa4881b0db7bc80817
PF4C-FINAL-009	PF4C-FINAL-009	POST_FREEZE_DISCOVERY	POST-PF4B0106	10.1038/s41598-026-40485-8	POST_FREEZE_DISCOVERY	gene_expression	3	3	FROZEN_V6_CROSSWALK_CANONICAL_UNIQUE_SORTED	b28ed86d4a0cbbae1c7200d31faaaf3772f0cab88966a3410b7b5be74c82dc6a	UNSIGNED_UNWEIGHTED_MEAN_PRESENT_GENE_ZSCORES	NA	ELIGIBLE_RETAINED	NA	878a08bc18b8cc0270db5f9d5e0b41f5fafd9f97a119ecaa4881b0db7bc80817
PF4C-FINAL-012	PF4C-FINAL-012	POST_FREEZE_DISCOVERY	POST-PF4B0112	10.1186/s40360-025-00919-x	POST_FREEZE_DISCOVERY	mRNA_gene	11	11	FROZEN_V6_CROSSWALK_CANONICAL_UNIQUE_SORTED	f8dc8e321cf991f8ba2351d8623b541b78e05a287fdfad92182473c1f442b46c	UNSIGNED_UNWEIGHTED_MEAN_PRESENT_GENE_ZSCORES	NA	ELIGIBLE_RETAINED	NA	878a08bc18b8cc0270db5f9d5e0b41f5fafd9f97a119ecaa4881b0db7bc80817
PF4C-FINAL-016	PF4C-FINAL-016	POST_FREEZE_DISCOVERY	POST-PF4B0120	10.1186/s12885-023-10714-8	POST_FREEZE_DISCOVERY	gene_expression	9	9	FROZEN_V6_CROSSWALK_CANONICAL_UNIQUE_SORTED	46f9b5530a733a3d8a3ef541c86f06946dbca341a186d02c3f3e5c9ea7219e2b	UNSIGNED_UNWEIGHTED_MEAN_PRESENT_GENE_ZSCORES	NA	ELIGIBLE_RETAINED	NA	878a08bc18b8cc0270db5f9d5e0b41f5fafd9f97a119ecaa4881b0db7bc80817
PF4C-FINAL-017	PF4C-FINAL-017	POST_FREEZE_DISCOVERY	POST-PF4B0121	10.1080/07853890.2023.2171109	POST_FREEZE_DISCOVERY	gene_expression	22	22	FROZEN_V6_CROSSWALK_CANONICAL_UNIQUE_SORTED	7dd1ec9a2b4b01210468d57c83540b8f1980bb1e221412a5525e79218aa20e0a	UNSIGNED_UNWEIGHTED_MEAN_PRESENT_GENE_ZSCORES	NA	ELIGIBLE_RETAINED	NA	878a08bc18b8cc0270db5f9d5e0b41f5fafd9f97a119ecaa4881b0db7bc80817
PF4C-FINAL-018	PF4C-FINAL-018	POST_FREEZE_DISCOVERY	POST-PF4B0122	10.3389/fimmu.2023.1263329	POST_FREEZE_DISCOVERY	mRNA_gene	6	6	FROZEN_V6_CROSSWALK_CANONICAL_UNIQUE_SORTED	8fe2b10bb3d87faae3ca7074e968745a1b05bbd045958c425b1c69a4a005e3e2	UNSIGNED_UNWEIGHTED_MEAN_PRESENT_GENE_ZSCORES	NA	ELIGIBLE_RETAINED	NA	878a08bc18b8cc0270db5f9d5e0b41f5fafd9f97a119ecaa4881b0db7bc80817
PF4C-FINAL-020	PF4C-FINAL-020	POST_FREEZE_DISCOVERY	POST-PF4B0124	10.3390/medicina59010023	POST_FREEZE_DISCOVERY	gene_expression	8	8	FROZEN_V6_CROSSWALK_CANONICAL_UNIQUE_SORTED	d013fce2d10cc839968e8dc51e9be353f4b1234314c1fc0f5d67a8453ca9e34c	UNSIGNED_UNWEIGHTED_MEAN_PRESENT_GENE_ZSCORES	NA	ELIGIBLE_RETAINED	NA	878a08bc18b8cc0270db5f9d5e0b41f5fafd9f97a119ecaa4881b0db7bc80817
PF4C-FINAL-022	PF4C-FINAL-022	POST_FREEZE_DISCOVERY	POST-PF4B0126	10.1038/s41419-022-05514-0	POST_FREEZE_DISCOVERY	gene_or_feature_as_locked_in_phase4d	4	4	FROZEN_V6_CROSSWALK_CANONICAL_UNIQUE_SORTED	580c7fad7f1b374e59f968f4e6d113b5317a775bee97262557c72c19594821ab	UNSIGNED_UNWEIGHTED_MEAN_PRESENT_GENE_ZSCORES	NA	ELIGIBLE_RETAINED	NA	878a08bc18b8cc0270db5f9d5e0b41f5fafd9f97a119ecaa4881b0db7bc80817
PF4C-FINAL-024	PF4C-FINAL-024	POST_FREEZE_DISCOVERY	POST-PF4B0129	10.3389/fnmol.2022.1037835	POST_FREEZE_DISCOVERY	gene_expression	4	4	FROZEN_V6_CROSSWALK_CANONICAL_UNIQUE_SORTED	b02b1c230c47ecc8b9e39c57a27fd619727b4cab1320489d1c6342d05251f4ed	UNSIGNED_UNWEIGHTED_MEAN_PRESENT_GENE_ZSCORES	NA	ELIGIBLE_RETAINED	NA	878a08bc18b8cc0270db5f9d5e0b41f5fafd9f97a119ecaa4881b0db7bc80817
PF4C-FINAL-025	PF4C-FINAL-025	POST_FREEZE_DISCOVERY	POST-PF4B0130	10.3389/fonc.2022.899443	POST_FREEZE_DISCOVERY	gene_expression	11	11	FROZEN_V6_CROSSWALK_CANONICAL_UNIQUE_SORTED	d81e08df13a6ba82652eec26cac3912adbb5ee0c82e1928c206af0b96442b75b	UNSIGNED_UNWEIGHTED_MEAN_PRESENT_GENE_ZSCORES	NA	ELIGIBLE_RETAINED	NA	878a08bc18b8cc0270db5f9d5e0b41f5fafd9f97a119ecaa4881b0db7bc80817
PF4C-FINAL-026	PF4C-FINAL-026	POST_FREEZE_DISCOVERY	POST-PF4B0131	10.3389/fcell.2021.723103	POST_FREEZE_DISCOVERY	mRNA_gene	18	18	FROZEN_V6_CROSSWALK_CANONICAL_UNIQUE_SORTED	fa1c7fb859d13f28f6f9f9159c8ecedf3f07102e1e9d252ebac79f8d8e4ee983	UNSIGNED_UNWEIGHTED_MEAN_PRESENT_GENE_ZSCORES	NA	ELIGIBLE_RETAINED	NA	878a08bc18b8cc0270db5f9d5e0b41f5fafd9f97a119ecaa4881b0db7bc80817
PF4C-FINAL-028	PF4C-FINAL-028	POST_FREEZE_DISCOVERY	POST-PF4B0133	10.3389/fcell.2021.653240	POST_FREEZE_DISCOVERY	gene_expression	4	4	FROZEN_V6_CROSSWALK_CANONICAL_UNIQUE_SORTED	7a5a455bf2f171116e8ec188544c07c5a1271df907ce5fec7b85d2b2b5aec3c0	UNSIGNED_UNWEIGHTED_MEAN_PRESENT_GENE_ZSCORES	NA	ELIGIBLE_RETAINED	NA	878a08bc18b8cc0270db5f9d5e0b41f5fafd9f97a119ecaa4881b0db7bc80817
PF4C-FINAL-029	PF4C-FINAL-029	POST_FREEZE_DISCOVERY	POST-PF4B0135	10.1155/2021/2191709	POST_FREEZE_DISCOVERY	gene_expression	4	4	FROZEN_V6_CROSSWALK_CANONICAL_UNIQUE_SORTED	c554ac6ae5a770c2938831c89898fb30397cd7c229e74b5ec374002a33216d09	UNSIGNED_UNWEIGHTED_MEAN_PRESENT_GENE_ZSCORES	NA	ELIGIBLE_RETAINED	NA	878a08bc18b8cc0270db5f9d5e0b41f5fafd9f97a119ecaa4881b0db7bc80817
PF4C-FINAL-032	PF4C-FINAL-032	POST_FREEZE_DISCOVERY	POST-PF4B0140	10.1111/jcmm.70668	POST_FREEZE_DISCOVERY	mRNA_gene	19	19	FROZEN_V6_CROSSWALK_CANONICAL_UNIQUE_SORTED	eff2b5375ba98aafa4acaa8cf8148b473ee5d63baf4830bfb810bc2d676ae37d	UNSIGNED_UNWEIGHTED_MEAN_PRESENT_GENE_ZSCORES	NA	ELIGIBLE_RETAINED	NA	878a08bc18b8cc0270db5f9d5e0b41f5fafd9f97a119ecaa4881b0db7bc80817
PF4C-FINAL-036	PF4C-FINAL-036	POST_FREEZE_DISCOVERY	POST-PF4B0143	10.1007/s12672-024-01126-6	POST_FREEZE_DISCOVERY	gene_expression	12	12	FROZEN_V6_CROSSWALK_CANONICAL_UNIQUE_SORTED	119102059ecc2ddbab294b1cb539f538e876b804311b5df6907287b69b283b34	UNSIGNED_UNWEIGHTED_MEAN_PRESENT_GENE_ZSCORES	NA	ELIGIBLE_RETAINED	NA	878a08bc18b8cc0270db5f9d5e0b41f5fafd9f97a119ecaa4881b0db7bc80817
PF4C-FINAL-037	PF4C-FINAL-037	POST_FREEZE_DISCOVERY	POST-PF4B0144	10.21037/tcr-23-2294	POST_FREEZE_DISCOVERY	gene_expression	10	10	FROZEN_V6_CROSSWALK_CANONICAL_UNIQUE_SORTED	a5295273d4715a2c0ac96a3c744f05df47d38f9413dd457250ee9572943b063c	UNSIGNED_UNWEIGHTED_MEAN_PRESENT_GENE_ZSCORES	NA	ELIGIBLE_RETAINED	NA	878a08bc18b8cc0270db5f9d5e0b41f5fafd9f97a119ecaa4881b0db7bc80817
PF4C-FINAL-039	PF4C-FINAL-039	POST_FREEZE_DISCOVERY	POST-PF4B0147	10.3389/fgene.2023.1124439	POST_FREEZE_DISCOVERY	gene_expression	11	11	FROZEN_V6_CROSSWALK_CANONICAL_UNIQUE_SORTED	56228a6755c395d5276ab3b52c5982eea166cdc4730691ae845ac6d4c20dcf81	UNSIGNED_UNWEIGHTED_MEAN_PRESENT_GENE_ZSCORES	NA	ELIGIBLE_RETAINED	NA	878a08bc18b8cc0270db5f9d5e0b41f5fafd9f97a119ecaa4881b0db7bc80817
PF4C-FINAL-041	PF4C-FINAL-041	POST_FREEZE_DISCOVERY	POST-PF4B0149	10.3389/fimmu.2022.950917	POST_FREEZE_DISCOVERY	gene_expression	6	6	FROZEN_V6_CROSSWALK_CANONICAL_UNIQUE_SORTED	b81ae0c2a27a40bc3b9b354866891055427a6234f8c1c7420355c045df17569a	UNSIGNED_UNWEIGHTED_MEAN_PRESENT_GENE_ZSCORES	NA	ELIGIBLE_RETAINED	NA	878a08bc18b8cc0270db5f9d5e0b41f5fafd9f97a119ecaa4881b0db7bc80817
PF4C-FINAL-042	PF4C-FINAL-042	POST_FREEZE_DISCOVERY	POST-PF4B0150	10.3390/brainsci12020181	POST_FREEZE_DISCOVERY	gene_expression	10	10	FROZEN_V6_CROSSWALK_CANONICAL_UNIQUE_SORTED	50c1b45896a60766b3e7f186b598809a34b1930b65746c5c4f18fff8299a4bf9	UNSIGNED_UNWEIGHTED_MEAN_PRESENT_GENE_ZSCORES	NA	ELIGIBLE_RETAINED	NA	878a08bc18b8cc0270db5f9d5e0b41f5fafd9f97a119ecaa4881b0db7bc80817
PF4C-FINAL-043	PF4C-FINAL-043	POST_FREEZE_DISCOVERY	POST-PF4B0152	10.1007/s13402-021-00612-1	POST_FREEZE_DISCOVERY	gene_expression	7	7	FROZEN_V6_CROSSWALK_CANONICAL_UNIQUE_SORTED	41234b370035402cf182784b291e529c788a4443c02f653fe1c528f830e944ae	UNSIGNED_UNWEIGHTED_MEAN_PRESENT_GENE_ZSCORES	NA	ELIGIBLE_RETAINED	NA	878a08bc18b8cc0270db5f9d5e0b41f5fafd9f97a119ecaa4881b0db7bc80817
PF4C-FINAL-044	PF4C-FINAL-044	POST_FREEZE_DISCOVERY	POST-PF4B0153	10.3389/fonc.2021.774332	POST_FREEZE_DISCOVERY	mRNA_gene	12	12	FROZEN_V6_CROSSWALK_CANONICAL_UNIQUE_SORTED	7eca64b6c1666f0c05adbcea86b46908e720b94aa6a0f722b1a8534e66438e1d	UNSIGNED_UNWEIGHTED_MEAN_PRESENT_GENE_ZSCORES	NA	ELIGIBLE_RETAINED	NA	878a08bc18b8cc0270db5f9d5e0b41f5fafd9f97a119ecaa4881b0db7bc80817
PF4C-FINAL-045	PF4C-FINAL-045	POST_FREEZE_DISCOVERY	POST-PF4B0155	10.3389/fonc.2020.590861	POST_FREEZE_DISCOVERY	mRNA_gene	25	25	FROZEN_V6_CROSSWALK_CANONICAL_UNIQUE_SORTED	227338182035cbf27a3f99ffdc4d1076a011409b800797aa3d1df568110e4111	UNSIGNED_UNWEIGHTED_MEAN_PRESENT_GENE_ZSCORES	NA	ELIGIBLE_RETAINED	NA	878a08bc18b8cc0270db5f9d5e0b41f5fafd9f97a119ecaa4881b0db7bc80817
PF4C-FINAL-046	PF4C-FINAL-046	POST_FREEZE_DISCOVERY	POST-PF4B0156	10.3389/fonc.2020.00508	POST_FREEZE_DISCOVERY	mRNA_gene	12	12	FROZEN_V6_CROSSWALK_CANONICAL_UNIQUE_SORTED	b19a4d41d3ea2cad4876112f20d63f97b33bf96fd1cd3431901f39e539b080d1	UNSIGNED_UNWEIGHTED_MEAN_PRESENT_GENE_ZSCORES	NA	ELIGIBLE_RETAINED	NA	878a08bc18b8cc0270db5f9d5e0b41f5fafd9f97a119ecaa4881b0db7bc80817
PF4C-FINAL-049	PF4C-FINAL-049	POST_FREEZE_DISCOVERY	POST-PF4B0159	10.1155/2019/3917040	POST_FREEZE_DISCOVERY	gene_expression	8	8	FROZEN_V6_CROSSWALK_CANONICAL_UNIQUE_SORTED	97133292026a86763529491e0c6771f97a8c1602b9b629dc5be734a284f7b845	UNSIGNED_UNWEIGHTED_MEAN_PRESENT_GENE_ZSCORES	NA	ELIGIBLE_RETAINED	NA	878a08bc18b8cc0270db5f9d5e0b41f5fafd9f97a119ecaa4881b0db7bc80817
PF4C-FINAL-050	PF4C-FINAL-050	POST_FREEZE_DISCOVERY	POST-PF4B0160	10.1111/cns.12171	POST_FREEZE_DISCOVERY	gene_or_feature_as_locked_in_phase4d	9	9	FROZEN_V6_CROSSWALK_CANONICAL_UNIQUE_SORTED	e200ba27e5bbe7d3287a5b91dc85a220d71528d4e1e2bc9028ea388bb75a8add	UNSIGNED_UNWEIGHTED_MEAN_PRESENT_GENE_ZSCORES	NA	ELIGIBLE_RETAINED	NA	878a08bc18b8cc0270db5f9d5e0b41f5fafd9f97a119ecaa4881b0db7bc80817
PF4C-FINAL-051	PF4C-FINAL-051	POST_FREEZE_DISCOVERY	POST-PF4B0161	10.1111/cas.12214	POST_FREEZE_DISCOVERY	gene_expression	25	25	FROZEN_V6_CROSSWALK_CANONICAL_UNIQUE_SORTED	5777f2fcb92b258aabbcbfb569988d2c2f7440836af83b84f3fcf9eaa1a2386b	UNSIGNED_UNWEIGHTED_MEAN_PRESENT_GENE_ZSCORES	NA	ELIGIBLE_RETAINED	NA	878a08bc18b8cc0270db5f9d5e0b41f5fafd9f97a119ecaa4881b0db7bc80817
PF4C-FINAL-052	PF4C-FINAL-052	POST_FREEZE_DISCOVERY	POST-PF4B0161	10.1111/cas.12214	POST_FREEZE_DISCOVERY	gene_expression	3	3	FROZEN_V6_CROSSWALK_CANONICAL_UNIQUE_SORTED	b208f6a29692203579e19ecd59ec3208b1737de8dce2915cd0c6c1df003a83d3	UNSIGNED_UNWEIGHTED_MEAN_PRESENT_GENE_ZSCORES	NA	ELIGIBLE_RETAINED	NA	878a08bc18b8cc0270db5f9d5e0b41f5fafd9f97a119ecaa4881b0db7bc80817
PF4C-FINAL-053	PF4C-FINAL-053	POST_FREEZE_DISCOVERY	POST-PF4B0162	10.1111/cns.12118	POST_FREEZE_DISCOVERY	mRNA_gene_symbol	61	61	FROZEN_V6_CROSSWALK_CANONICAL_UNIQUE_SORTED	dad274afe3703ab6eb22ec2b23bd65b8c1d99eb00cafec731deaf18c5bb642c0	UNSIGNED_UNWEIGHTED_MEAN_PRESENT_GENE_ZSCORES	NA	ELIGIBLE_RETAINED	NA	878a08bc18b8cc0270db5f9d5e0b41f5fafd9f97a119ecaa4881b0db7bc80817
PF4C-FINAL-054	PF4C-FINAL-054	POST_FREEZE_DISCOVERY	POST-PF4B0162	10.1111/cns.12118	POST_FREEZE_DISCOVERY	mRNA_gene_symbol	17	17	FROZEN_V6_CROSSWALK_CANONICAL_UNIQUE_SORTED	5d561af51331abb4bf96a3954c3e9f07e003dcb27dd3aa3e75d7e600fe0205c7	UNSIGNED_UNWEIGHTED_MEAN_PRESENT_GENE_ZSCORES	NA	ELIGIBLE_RETAINED	NA	878a08bc18b8cc0270db5f9d5e0b41f5fafd9f97a119ecaa4881b0db7bc80817
PF4C-FINAL-055	PF4C-FINAL-055	POST_FREEZE_DISCOVERY	POST-PF4B0162	10.1111/cns.12118	POST_FREEZE_DISCOVERY	mRNA_gene_symbol	8	8	FROZEN_V6_CROSSWALK_CANONICAL_UNIQUE_SORTED	055bf2fe9a035734808b98b4d72b03d6f2030b2270a984d527c174dac7b2a92c	UNSIGNED_UNWEIGHTED_MEAN_PRESENT_GENE_ZSCORES	NA	ELIGIBLE_RETAINED	NA	878a08bc18b8cc0270db5f9d5e0b41f5fafd9f97a119ecaa4881b0db7bc80817
PF4C-FINAL-056	PF4C-FINAL-056	POST_FREEZE_DISCOVERY	POST-PF4B0162	10.1111/cns.12118	POST_FREEZE_DISCOVERY	gene_or_feature_as_locked_in_phase4d	5	5	FROZEN_V6_CROSSWALK_CANONICAL_UNIQUE_SORTED	2367e5a1e3f7f6fe9ff4ed516bf8a89a3a5b54d17ecfe57919057f9fff6d6d23	UNSIGNED_UNWEIGHTED_MEAN_PRESENT_GENE_ZSCORES	NA	ELIGIBLE_RETAINED	NA	878a08bc18b8cc0270db5f9d5e0b41f5fafd9f97a119ecaa4881b0db7bc80817
PF4C-FINAL-057	PF4C-FINAL-057	POST_FREEZE_DISCOVERY	POST-PF4B0163	10.1016/j.heliyon.2024.e28445	POST_FREEZE_DISCOVERY	gene_expression	14	14	FROZEN_V6_CROSSWALK_CANONICAL_UNIQUE_SORTED	b90866200f29c08c2b0c5b7746499012d3ef2f0f8b2d9a6fd72a1b9ade65dd56	UNSIGNED_UNWEIGHTED_MEAN_PRESENT_GENE_ZSCORES	NA	ELIGIBLE_RETAINED	NA	878a08bc18b8cc0270db5f9d5e0b41f5fafd9f97a119ecaa4881b0db7bc80817
PF4C-FINAL-058	PF4C-FINAL-058	POST_FREEZE_DISCOVERY	POST-PF4B0164	10.3389/fonc.2023.1051641	POST_FREEZE_DISCOVERY	gene_expression	6	6	FROZEN_V6_CROSSWALK_CANONICAL_UNIQUE_SORTED	667cd68dcea9bf0c663e1fc26b34fef16fea1f74a3d07ac9467a42e444b5d4c8	UNSIGNED_UNWEIGHTED_MEAN_PRESENT_GENE_ZSCORES	NA	ELIGIBLE_RETAINED	NA	878a08bc18b8cc0270db5f9d5e0b41f5fafd9f97a119ecaa4881b0db7bc80817
PF4C-FINAL-060	PF4C-FINAL-060	POST_FREEZE_DISCOVERY	POST-PF4B0166	10.1111/jcmm.17927	POST_FREEZE_DISCOVERY	gene_expression	12	12	FROZEN_V6_CROSSWALK_CANONICAL_UNIQUE_SORTED	10aea66cd0bdb19f8335746de88719c3c0b182193cce33792d6b576a27fec56d	UNSIGNED_UNWEIGHTED_MEAN_PRESENT_GENE_ZSCORES	NA	ELIGIBLE_RETAINED	NA	878a08bc18b8cc0270db5f9d5e0b41f5fafd9f97a119ecaa4881b0db7bc80817
PF4C-FINAL-061	PF4C-FINAL-061	POST_FREEZE_DISCOVERY	POST-PF4B0167	10.1038/s41598-023-45295-w	POST_FREEZE_DISCOVERY	gene_expression	3	3	FROZEN_V6_CROSSWALK_CANONICAL_UNIQUE_SORTED	c101deeb13b61619141dd25f53323ca3cb913bd1df288e6963d4a27013efaf72	UNSIGNED_UNWEIGHTED_MEAN_PRESENT_GENE_ZSCORES	NA	ELIGIBLE_RETAINED	NA	878a08bc18b8cc0270db5f9d5e0b41f5fafd9f97a119ecaa4881b0db7bc80817
PF4C-FINAL-062	PF4C-FINAL-062	POST_FREEZE_DISCOVERY	POST-PF4B0168	10.3389/fimmu.2022.939523	POST_FREEZE_DISCOVERY	mRNA_gene_symbol	9	9	FROZEN_V6_CROSSWALK_CANONICAL_UNIQUE_SORTED	170d720aa2c514ccdc9f88e229328c5a146aa1b043051b2f145d0f0adefe038d	UNSIGNED_UNWEIGHTED_MEAN_PRESENT_GENE_ZSCORES	NA	ELIGIBLE_RETAINED	NA	878a08bc18b8cc0270db5f9d5e0b41f5fafd9f97a119ecaa4881b0db7bc80817
PF4C-FINAL-063	PF4C-FINAL-063	POST_FREEZE_DISCOVERY	POST-PF4B0169	10.1155/2020/1872962	POST_FREEZE_DISCOVERY	gene_expression	3	3	FROZEN_V6_CROSSWALK_CANONICAL_UNIQUE_SORTED	2d2d79a7dd15972f28b7f29644abe9908b5d5e38ec86173b26bf6f2ea9b50683	UNSIGNED_UNWEIGHTED_MEAN_PRESENT_GENE_ZSCORES	NA	ELIGIBLE_RETAINED	NA	878a08bc18b8cc0270db5f9d5e0b41f5fafd9f97a119ecaa4881b0db7bc80817
PF4C-FINAL-065	PF4C-FINAL-065	POST_FREEZE_DISCOVERY	POST-PF4B0379	10.1155/humu/6998123	POST_FREEZE_DISCOVERY	gene_expression	7	7	FROZEN_V6_CROSSWALK_CANONICAL_UNIQUE_SORTED	a6bfeb7a5fcd82065748b788da3282601bacb79b45e306ff614eb0e31edd36e7	UNSIGNED_UNWEIGHTED_MEAN_PRESENT_GENE_ZSCORES	NA	ELIGIBLE_RETAINED	NA	878a08bc18b8cc0270db5f9d5e0b41f5fafd9f97a119ecaa4881b0db7bc80817
PF4C-FINAL-066	PF4C-FINAL-066	POST_FREEZE_DISCOVERY	POST-PF4B0380	10.21037/tcr-2025-1-2819	POST_FREEZE_DISCOVERY	mRNA_gene_symbol	5	5	FROZEN_V6_CROSSWALK_CANONICAL_UNIQUE_SORTED	6395e067c38b147820d8cadeca523f59c8b0bf4c4d3129e885006f79ca11574a	UNSIGNED_UNWEIGHTED_MEAN_PRESENT_GENE_ZSCORES	NA	ELIGIBLE_RETAINED	NA	878a08bc18b8cc0270db5f9d5e0b41f5fafd9f97a119ecaa4881b0db7bc80817
PF4C-FINAL-067	PF4C-FINAL-067	POST_FREEZE_DISCOVERY	POST-PF4B0382	10.1093/noajnl/vdae233	POST_FREEZE_DISCOVERY	mRNA_gene_symbol	19	19	FROZEN_V6_CROSSWALK_CANONICAL_UNIQUE_SORTED	179fa090a6d450013313a1fa008ee370bc8a08e8245d7047197ae9c22178ce31	UNSIGNED_UNWEIGHTED_MEAN_PRESENT_GENE_ZSCORES	NA	ELIGIBLE_RETAINED	NA	878a08bc18b8cc0270db5f9d5e0b41f5fafd9f97a119ecaa4881b0db7bc80817
PF4C-FINAL-068	PF4C-FINAL-068	POST_FREEZE_DISCOVERY	POST-PF4B0383	10.1080/07853890.2025.2546111	POST_FREEZE_DISCOVERY	gene_expression	3	3	FROZEN_V6_CROSSWALK_CANONICAL_UNIQUE_SORTED	666ab92b2e8f3a92558cd06c7e1fd84b7e774aa44b9cfeac0ae2a7fdc39e0b42	UNSIGNED_UNWEIGHTED_MEAN_PRESENT_GENE_ZSCORES	NA	ELIGIBLE_RETAINED	NA	878a08bc18b8cc0270db5f9d5e0b41f5fafd9f97a119ecaa4881b0db7bc80817
PF4C-FINAL-069	PF4C-FINAL-069	POST_FREEZE_DISCOVERY	POST-PF4B0384	10.21037/tcr-2025-1078	POST_FREEZE_DISCOVERY	gene_expression	5	5	FROZEN_V6_CROSSWALK_CANONICAL_UNIQUE_SORTED	cee2bb3c440038883f435910846b8b045a861ffd7a774baf56aa4e85436805b3	UNSIGNED_UNWEIGHTED_MEAN_PRESENT_GENE_ZSCORES	NA	ELIGIBLE_RETAINED	NA	878a08bc18b8cc0270db5f9d5e0b41f5fafd9f97a119ecaa4881b0db7bc80817
PF4C-FINAL-070	PF4C-FINAL-070	POST_FREEZE_DISCOVERY	POST-PF4B0385	10.3389/fnagi.2024.1352681	POST_FREEZE_DISCOVERY	gene_expression	19	19	FROZEN_V6_CROSSWALK_CANONICAL_UNIQUE_SORTED	5d802ac4412eee8642673f65f149f5e6b2e33a308e4861ccdd0722c94df42fb6	UNSIGNED_UNWEIGHTED_MEAN_PRESENT_GENE_ZSCORES	NA	ELIGIBLE_RETAINED	NA	878a08bc18b8cc0270db5f9d5e0b41f5fafd9f97a119ecaa4881b0db7bc80817
PF4C-FINAL-071	PF4C-FINAL-071	POST_FREEZE_DISCOVERY	POST-PF4B0387	10.3389/fgene.2023.1087563	POST_FREEZE_DISCOVERY	gene_expression	5	5	FROZEN_V6_CROSSWALK_CANONICAL_UNIQUE_SORTED	f9de0f016da8f8f35050942263593bfdace82574f0fcb6eb57dcb8215981ead6	UNSIGNED_UNWEIGHTED_MEAN_PRESENT_GENE_ZSCORES	NA	ELIGIBLE_RETAINED	NA	878a08bc18b8cc0270db5f9d5e0b41f5fafd9f97a119ecaa4881b0db7bc80817
PF4C-FINAL-073	PF4C-FINAL-073	POST_FREEZE_DISCOVERY	POST-PF4B0389	10.3389/fonc.2022.897702	POST_FREEZE_DISCOVERY	gene_expression	7	7	FROZEN_V6_CROSSWALK_CANONICAL_UNIQUE_SORTED	51eb238f5ffeaadbffd9cac41966ac15da1dd2825a79abd9da8efde5e27888e0	UNSIGNED_UNWEIGHTED_MEAN_PRESENT_GENE_ZSCORES	NA	ELIGIBLE_RETAINED	NA	878a08bc18b8cc0270db5f9d5e0b41f5fafd9f97a119ecaa4881b0db7bc80817
PF4C-FINAL-074	PF4C-FINAL-074	POST_FREEZE_DISCOVERY	POST-PF4B0392	10.3389/fcell.2021.652599	POST_FREEZE_DISCOVERY	gene_expression	11	11	FROZEN_V6_CROSSWALK_CANONICAL_UNIQUE_SORTED	157851ec77d9cd0cafb63f2e30c94936cc9b3d71699e16b38c7ca8541ede944f	UNSIGNED_UNWEIGHTED_MEAN_PRESENT_GENE_ZSCORES	NA	ELIGIBLE_RETAINED	NA	878a08bc18b8cc0270db5f9d5e0b41f5fafd9f97a119ecaa4881b0db7bc80817
PF4C-FINAL-078	PF4C-FINAL-078	POST_FREEZE_DISCOVERY	POST-PF4B0397	10.1186/s12885-018-4103-5	POST_FREEZE_DISCOVERY	mRNA_gene_symbol	35	35	FROZEN_V6_CROSSWALK_CANONICAL_UNIQUE_SORTED	0a72c7c9273011fdbd28d9a690c863e8cbd8e772827f6e2e34aa6e66a9ff17a6	UNSIGNED_UNWEIGHTED_MEAN_PRESENT_GENE_ZSCORES	NA	ELIGIBLE_RETAINED	NA	878a08bc18b8cc0270db5f9d5e0b41f5fafd9f97a119ecaa4881b0db7bc80817
PF4C-FINAL-079	PF4C-FINAL-079	POST_FREEZE_DISCOVERY	POST-PF4B0399	10.1371/journal.pone.0062042	POST_FREEZE_DISCOVERY	mRNA_gene_symbol	14	14	FROZEN_V6_CROSSWALK_CANONICAL_UNIQUE_SORTED	1ed0c8485420c42895b8ae3c851842dcb81cbde393334fbe91706df8e2afa755	UNSIGNED_UNWEIGHTED_MEAN_PRESENT_GENE_ZSCORES	NA	ELIGIBLE_RETAINED	NA	878a08bc18b8cc0270db5f9d5e0b41f5fafd9f97a119ecaa4881b0db7bc80817
PF4C-FINAL-080	PF4C-FINAL-080	POST_FREEZE_DISCOVERY	POST-PF4B0400	10.3389/fonc.2026.1824504	POST_FREEZE_DISCOVERY	mRNA_gene_symbol	7	7	FROZEN_V6_CROSSWALK_CANONICAL_UNIQUE_SORTED	36aa478af5a1b5c28e91f718d15625b79a3f52ed82facc3937ea6fc6dcbbe84f	UNSIGNED_UNWEIGHTED_MEAN_PRESENT_GENE_ZSCORES	NA	ELIGIBLE_RETAINED	NA	878a08bc18b8cc0270db5f9d5e0b41f5fafd9f97a119ecaa4881b0db7bc80817
PF4C-FINAL-081	PF4C-FINAL-081	POST_FREEZE_DISCOVERY	POST-PF4B0401	10.3390/biomedicines13112640	POST_FREEZE_DISCOVERY	gene_or_feature_as_locked_in_phase4d	10	10	FROZEN_V6_CROSSWALK_CANONICAL_UNIQUE_SORTED	8bcfa119ef76c6708064d5b638a43c75f08a357b830894ec5523d8d2df9f6385	UNSIGNED_UNWEIGHTED_MEAN_PRESENT_GENE_ZSCORES	NA	ELIGIBLE_RETAINED	NA	878a08bc18b8cc0270db5f9d5e0b41f5fafd9f97a119ecaa4881b0db7bc80817
PF4C-FINAL-082	PF4C-FINAL-082	POST_FREEZE_DISCOVERY	POST-PF4B0402	10.1002/acn3.70068	POST_FREEZE_DISCOVERY	gene_or_feature_as_locked_in_phase4d	14	14	FROZEN_V6_CROSSWALK_CANONICAL_UNIQUE_SORTED	c53f0f2412dc25e40c33f7c7e29ce7e1b9d18b707829432fa0fa3217a7600588	UNSIGNED_UNWEIGHTED_MEAN_PRESENT_GENE_ZSCORES	NA	ELIGIBLE_RETAINED	NA	878a08bc18b8cc0270db5f9d5e0b41f5fafd9f97a119ecaa4881b0db7bc80817
PF4C-FINAL-085	PF4C-FINAL-085	POST_FREEZE_DISCOVERY	POST-PF4B0407	10.3389/fmolb.2022.984712	POST_FREEZE_DISCOVERY	gene_expression	8	8	FROZEN_V6_CROSSWALK_CANONICAL_UNIQUE_SORTED	9f25dcbfe7a4b75d1527abf36b11c53da408ef1e9dbcd0d7d9dd610a609d96f8	UNSIGNED_UNWEIGHTED_MEAN_PRESENT_GENE_ZSCORES	NA	ELIGIBLE_RETAINED	NA	878a08bc18b8cc0270db5f9d5e0b41f5fafd9f97a119ecaa4881b0db7bc80817
PF4C-FINAL-086	PF4C-FINAL-086	POST_FREEZE_DISCOVERY	POST-PF4B0408	10.3389/fgene.2022.899125	POST_FREEZE_DISCOVERY	gene_expression	15	15	FROZEN_V6_CROSSWALK_CANONICAL_UNIQUE_SORTED	c57a24f5c4324cf2f66c90ec83cdf83337a312f1793e3db13fb307d0c21decf3	UNSIGNED_UNWEIGHTED_MEAN_PRESENT_GENE_ZSCORES	NA	ELIGIBLE_RETAINED	NA	878a08bc18b8cc0270db5f9d5e0b41f5fafd9f97a119ecaa4881b0db7bc80817
PF4C-FINAL-087	PF4C-FINAL-087	POST_FREEZE_DISCOVERY	POST-PF4B0409	10.1080/15384101.2022.2049157	POST_FREEZE_DISCOVERY	gene_expression	5	5	FROZEN_V6_CROSSWALK_CANONICAL_UNIQUE_SORTED	0e3f11a6384f4e70de59e67669d0801f6455d88c874ee7b3ca331582a5736aad	UNSIGNED_UNWEIGHTED_MEAN_PRESENT_GENE_ZSCORES	NA	ELIGIBLE_RETAINED	NA	878a08bc18b8cc0270db5f9d5e0b41f5fafd9f97a119ecaa4881b0db7bc80817
PF4C-FINAL-092	PF4C-FINAL-092	POST_FREEZE_DISCOVERY	POST-PF4B0414	10.3390/cancers13051013	POST_FREEZE_DISCOVERY	gene_or_feature_as_locked_in_phase4d	3	3	FROZEN_V6_CROSSWALK_CANONICAL_UNIQUE_SORTED	2bbfb0bc6618dc4b7b41d991f0adf07d54661ff5d4975379f3bfe5c361bdcaff	UNSIGNED_UNWEIGHTED_MEAN_PRESENT_GENE_ZSCORES	NA	ELIGIBLE_RETAINED	NA	878a08bc18b8cc0270db5f9d5e0b41f5fafd9f97a119ecaa4881b0db7bc80817
PF4C-FINAL-093	PF4C-FINAL-093	POST_FREEZE_DISCOVERY	POST-PF4B0415	10.18632/aging.204841	POST_FREEZE_DISCOVERY	gene_or_feature_as_locked_in_phase4d	6	6	FROZEN_V6_CROSSWALK_CANONICAL_UNIQUE_SORTED	d2a9c42e6a14c2b7f1d993ccc20efadd4a568d4997028c41accc3e8e290c8090	UNSIGNED_UNWEIGHTED_MEAN_PRESENT_GENE_ZSCORES	NA	ELIGIBLE_RETAINED	NA	878a08bc18b8cc0270db5f9d5e0b41f5fafd9f97a119ecaa4881b0db7bc80817
PF4C-FINAL-094	PF4C-FINAL-094	POST_FREEZE_DISCOVERY	POST-PF4B0416	10.3389/fimmu.2022.915709	POST_FREEZE_DISCOVERY	gene_expression	12	12	FROZEN_V6_CROSSWALK_CANONICAL_UNIQUE_SORTED	613207c2e4a36e10634a77a14764ea04783fa0e84451042b3a9ba962ec3188ac	UNSIGNED_UNWEIGHTED_MEAN_PRESENT_GENE_ZSCORES	NA	ELIGIBLE_RETAINED	NA	878a08bc18b8cc0270db5f9d5e0b41f5fafd9f97a119ecaa4881b0db7bc80817
PF4C-FINAL-095	PF4C-FINAL-095	POST_FREEZE_DISCOVERY	POST-PF4B0417	10.1186/s41016-020-00220-2	POST_FREEZE_DISCOVERY	gene_or_feature_as_locked_in_phase4d	5	5	FROZEN_V6_CROSSWALK_CANONICAL_UNIQUE_SORTED	e51983168e3d6ae5ee1b608d29e8deb90f5a907835b10a9c318eb894b78ce8a2	UNSIGNED_UNWEIGHTED_MEAN_PRESENT_GENE_ZSCORES	NA	ELIGIBLE_RETAINED	NA	878a08bc18b8cc0270db5f9d5e0b41f5fafd9f97a119ecaa4881b0db7bc80817
PF4C-FINAL-096	PF4C-FINAL-096	POST_FREEZE_DISCOVERY	POST-PF4B0418	10.1002/cam4.4248	POST_FREEZE_DISCOVERY	gene_expression	11	11	FROZEN_V6_CROSSWALK_CANONICAL_UNIQUE_SORTED	72354ed4b32ca007506236f39a746422a04fd213584820aeca2e0966f030875a	UNSIGNED_UNWEIGHTED_MEAN_PRESENT_GENE_ZSCORES	NA	ELIGIBLE_RETAINED	NA	878a08bc18b8cc0270db5f9d5e0b41f5fafd9f97a119ecaa4881b0db7bc80817
PF4C-FINAL-097	PF4C-FINAL-097	POST_FREEZE_DISCOVERY	POST-PF4B0419	10.1042/bsr20203051	POST_FREEZE_DISCOVERY	gene_expression	5	5	FROZEN_V6_CROSSWALK_CANONICAL_UNIQUE_SORTED	f32c2a2e45d1d6a6475020d8a95d7f33992643c7ccdaa11d9e08c604f155e259	UNSIGNED_UNWEIGHTED_MEAN_PRESENT_GENE_ZSCORES	NA	ELIGIBLE_RETAINED	NA	878a08bc18b8cc0270db5f9d5e0b41f5fafd9f97a119ecaa4881b0db7bc80817
PF4C-FINAL-099	PF4C-FINAL-099	POST_FREEZE_DISCOVERY	POST-PF4B0690	10.7150/jca.94200	POST_FREEZE_DISCOVERY	gene_or_feature_as_locked_in_phase4d	4	4	FROZEN_V6_CROSSWALK_CANONICAL_UNIQUE_SORTED	067ff8cbe18e836bcdfdac3df4a669cb41d832c87bd6aaed2971bd900b189af3	UNSIGNED_UNWEIGHTED_MEAN_PRESENT_GENE_ZSCORES	NA	ELIGIBLE_RETAINED	NA	878a08bc18b8cc0270db5f9d5e0b41f5fafd9f97a119ecaa4881b0db7bc80817
PF4C-FINAL-100	PF4C-FINAL-100	POST_FREEZE_DISCOVERY	POST-PF4B0691	10.18632/aging.203968	POST_FREEZE_DISCOVERY	gene_or_feature_as_locked_in_phase4d	9	9	FROZEN_V6_CROSSWALK_CANONICAL_UNIQUE_SORTED	dde64a39541b561841a46d895a961b4195702cedc05f94a0b3bef2bfb9cdaac4	UNSIGNED_UNWEIGHTED_MEAN_PRESENT_GENE_ZSCORES	NA	ELIGIBLE_RETAINED	NA	878a08bc18b8cc0270db5f9d5e0b41f5fafd9f97a119ecaa4881b0db7bc80817
PF4C-FINAL-102	PF4C-FINAL-102	POST_FREEZE_DISCOVERY	POST-PF4B0693	10.1007/s12672-025-01863-2	POST_FREEZE_DISCOVERY	mRNA_gene_symbol	16	16	FROZEN_V6_CROSSWALK_CANONICAL_UNIQUE_SORTED	6fa96dbf70a107c7b1752fa4bdc0e2378f222f923fc8c3afcb6afe66adaf5f37	UNSIGNED_UNWEIGHTED_MEAN_PRESENT_GENE_ZSCORES	NA	ELIGIBLE_RETAINED	NA	878a08bc18b8cc0270db5f9d5e0b41f5fafd9f97a119ecaa4881b0db7bc80817
PF4C-FINAL-103	PF4C-FINAL-103	POST_FREEZE_DISCOVERY	POST-PF4B0694	10.3389/fphar.2023.1093263	POST_FREEZE_DISCOVERY	gene_expression	10	10	FROZEN_V6_CROSSWALK_CANONICAL_UNIQUE_SORTED	3032c83fce30cf04c15d2a51c91b732ab1514a9ebf0a32ff5e9b2d164dd6e5da	UNSIGNED_UNWEIGHTED_MEAN_PRESENT_GENE_ZSCORES	NA	ELIGIBLE_RETAINED	NA	878a08bc18b8cc0270db5f9d5e0b41f5fafd9f97a119ecaa4881b0db7bc80817
PF4C-FINAL-105	PF4C-FINAL-105	POST_FREEZE_DISCOVERY	POST-PF4B0695	10.18632/aging.103737	POST_FREEZE_DISCOVERY	gene_or_feature_as_locked_in_phase4d	4	4	FROZEN_V6_CROSSWALK_CANONICAL_UNIQUE_SORTED	52e73b670621561f75144f75616df40f402f1d95ee81be80f1d5769b7635764a	UNSIGNED_UNWEIGHTED_MEAN_PRESENT_GENE_ZSCORES	NA	ELIGIBLE_RETAINED	NA	878a08bc18b8cc0270db5f9d5e0b41f5fafd9f97a119ecaa4881b0db7bc80817
LEGACY-V001-M01	LEGACY-V001-M01	PRE_FREEZE_KNOWN	PRE-P41619094	10.1007/s12672-026-04510-6	PRE_FREEZE_KNOWN	PROTEIN_CODING_GENE_EXPRESSION	7	7	FROZEN_V6_CROSSWALK_CANONICAL_UNIQUE_SORTED	570aa824cb0ff3567eeb63d68fe9ac3bc0f39f1a932b04f4e3d91d66a5d23e30	UNSIGNED_UNWEIGHTED_MEAN_PRESENT_GENE_ZSCORES	NA	ELIGIBLE	NA	878a08bc18b8cc0270db5f9d5e0b41f5fafd9f97a119ecaa4881b0db7bc80817
LEGACY-V003-M01	LEGACY-V003-M01	PRE_FREEZE_KNOWN	PRE-P42073621	10.3390/cancers18081297	PRE_FREEZE_KNOWN	PROTEIN_CODING_GENE_EXPRESSION	6	6	FROZEN_V6_CROSSWALK_CANONICAL_UNIQUE_SORTED	f7109bf0c74c61a1ddaff4c61e7472e4acd36f7d3dbc7a7c49b175556c169277	UNSIGNED_UNWEIGHTED_MEAN_PRESENT_GENE_ZSCORES	NA	ELIGIBLE	NA	878a08bc18b8cc0270db5f9d5e0b41f5fafd9f97a119ecaa4881b0db7bc80817
LEGACY-V004-M01	LEGACY-V004-M01	PRE_FREEZE_KNOWN	PRE-P39932605	10.1007/s12672-025-01894-9	PRE_FREEZE_KNOWN	PROTEIN_CODING_GENE_EXPRESSION	9	9	FROZEN_V6_CROSSWALK_CANONICAL_UNIQUE_SORTED	44ca006258c7ce5b0889a2f7f9aa6423d94a4537587d64881773421f676eb64a	UNSIGNED_UNWEIGHTED_MEAN_PRESENT_GENE_ZSCORES	NA	ELIGIBLE	NA	878a08bc18b8cc0270db5f9d5e0b41f5fafd9f97a119ecaa4881b0db7bc80817
LEGACY-V005-M01	LEGACY-V005-M01	PRE_FREEZE_KNOWN	PRE-P40155506	10.1038/s41598-025-95067-x	PRE_FREEZE_KNOWN	PROTEIN_CODING_GENE_EXPRESSION	5	5	FROZEN_V6_CROSSWALK_CANONICAL_UNIQUE_SORTED	1be80edc964e892bf60e2be8d246ac257bcd696ee958eb49d7c408573170ace2	UNSIGNED_UNWEIGHTED_MEAN_PRESENT_GENE_ZSCORES	NA	ELIGIBLE	NA	878a08bc18b8cc0270db5f9d5e0b41f5fafd9f97a119ecaa4881b0db7bc80817
LEGACY-V006-M01	LEGACY-V006-M01	PRE_FREEZE_KNOWN	PRE-P40224547	10.1155/bmri/2004975	PRE_FREEZE_KNOWN	PROTEIN_CODING_GENE_EXPRESSION	5	5	FROZEN_V6_CROSSWALK_CANONICAL_UNIQUE_SORTED	434a78cee5b2ee064ad31fdcbb7ce56f60ed342923b10920575ad28a991d39ac	UNSIGNED_UNWEIGHTED_MEAN_PRESENT_GENE_ZSCORES	NA	ELIGIBLE	NA	878a08bc18b8cc0270db5f9d5e0b41f5fafd9f97a119ecaa4881b0db7bc80817
LEGACY-V007-M01	LEGACY-V007-M01	PRE_FREEZE_KNOWN	PRE-P40226936	10.1002/cnr2.70158	PRE_FREEZE_KNOWN	PROTEIN_CODING_GENE_EXPRESSION	5	5	FROZEN_V6_CROSSWALK_CANONICAL_UNIQUE_SORTED	478ee60bfa3968022280972be2fa84d7f30db30447f1939fa532eb09c8c3278b	UNSIGNED_UNWEIGHTED_MEAN_PRESENT_GENE_ZSCORES	NA	ELIGIBLE	NA	878a08bc18b8cc0270db5f9d5e0b41f5fafd9f97a119ecaa4881b0db7bc80817
LEGACY-V009-M01	LEGACY-V009-M01	PRE_FREEZE_KNOWN	PRE-P40813603	10.1038/s41598-025-15050-4	PRE_FREEZE_KNOWN	PROTEIN_CODING_GENE_EXPRESSION	4	4	FROZEN_V6_CROSSWALK_CANONICAL_UNIQUE_SORTED	bdb06002dc2e4a2265175c6b998111823781f6c2226c16696c2298e99639f07b	UNSIGNED_UNWEIGHTED_MEAN_PRESENT_GENE_ZSCORES	NA	ELIGIBLE	NA	878a08bc18b8cc0270db5f9d5e0b41f5fafd9f97a119ecaa4881b0db7bc80817
LEGACY-V010-M01	LEGACY-V010-M01	PRE_FREEZE_KNOWN	PRE-P38339384	10.3390/cancers16030633	PRE_FREEZE_KNOWN	PROTEIN_CODING_GENE_EXPRESSION	3	3	FROZEN_V6_CROSSWALK_CANONICAL_UNIQUE_SORTED	16d68da9b0a17d281b42aa8f3f0316c1afc9a697bd29a0100e05bb2605f0f3ab	UNSIGNED_UNWEIGHTED_MEAN_PRESENT_GENE_ZSCORES	NA	ELIGIBLE	NA	878a08bc18b8cc0270db5f9d5e0b41f5fafd9f97a119ecaa4881b0db7bc80817
LEGACY-V011-M01	LEGACY-V011-M01	PRE_FREEZE_KNOWN	PRE-P39612412	10.1097/md.0000000000040736	PRE_FREEZE_KNOWN	PROTEIN_CODING_GENE_EXPRESSION	3	3	FROZEN_V6_CROSSWALK_CANONICAL_UNIQUE_SORTED	12ee2a9ca457bffc1e0657bed12aca530421cddb8ba0950b1c38ebd4be428a44	UNSIGNED_UNWEIGHTED_MEAN_PRESENT_GENE_ZSCORES	NA	ELIGIBLE	NA	878a08bc18b8cc0270db5f9d5e0b41f5fafd9f97a119ecaa4881b0db7bc80817
LEGACY-V012-M01	LEGACY-V012-M01	PRE_FREEZE_KNOWN	PRE-P39697698	10.21037/tcr-24-787	PRE_FREEZE_KNOWN	PROTEIN_CODING_GENE_EXPRESSION	7	7	FROZEN_V6_CROSSWALK_CANONICAL_UNIQUE_SORTED	a39ebba2508f1158222df6005bca829a062cc8c992e1cd9b05afbd80aa6e3bfc	UNSIGNED_UNWEIGHTED_MEAN_PRESENT_GENE_ZSCORES	NA	ELIGIBLE	NA	878a08bc18b8cc0270db5f9d5e0b41f5fafd9f97a119ecaa4881b0db7bc80817
LEGACY-V013-M01	LEGACY-V013-M01	PRE_FREEZE_KNOWN	PRE-P39697739	10.21037/tcr-23-2077	PRE_FREEZE_KNOWN	PROTEIN_CODING_GENE_EXPRESSION	14	14	FROZEN_V6_CROSSWALK_CANONICAL_UNIQUE_SORTED	b71949d0934e9a30aa9c75a7c5df21e5b2cfa6a2ab5e464b4a8affc80616e1f8	UNSIGNED_UNWEIGHTED_MEAN_PRESENT_GENE_ZSCORES	NA	ELIGIBLE	NA	878a08bc18b8cc0270db5f9d5e0b41f5fafd9f97a119ecaa4881b0db7bc80817
LEGACY-V016-M01	LEGACY-V016-M01	PRE_FREEZE_KNOWN	PRE-P35203526	10.3390/biomedicines10020317	PRE_FREEZE_KNOWN	PROTEIN_CODING_GENE_EXPRESSION	16	16	FROZEN_V6_CROSSWALK_CANONICAL_UNIQUE_SORTED	c2015cf689e7ecbbf8f0b9bb67c12faea9e7b85e7c3c818aedc8777f07e83990	UNSIGNED_UNWEIGHTED_MEAN_PRESENT_GENE_ZSCORES	NA	ELIGIBLE	NA	878a08bc18b8cc0270db5f9d5e0b41f5fafd9f97a119ecaa4881b0db7bc80817
LEGACY-V017-M01	LEGACY-V017-M01	PRE_FREEZE_KNOWN	PRE-P35550147	10.1186/s12920-022-01261-5	PRE_FREEZE_KNOWN	PROTEIN_CODING_GENE_EXPRESSION	7	7	FROZEN_V6_CROSSWALK_CANONICAL_UNIQUE_SORTED	e296fda2fd0ac32f7eb0146a51e608b31cc75dbd8c44f1b8138222f29279d50c	UNSIGNED_UNWEIGHTED_MEAN_PRESENT_GENE_ZSCORES	NA	ELIGIBLE	NA	878a08bc18b8cc0270db5f9d5e0b41f5fafd9f97a119ecaa4881b0db7bc80817
LEGACY-V018-M01	LEGACY-V018-M01	PRE_FREEZE_KNOWN	PRE-P35873480	10.3389/fgene.2022.931938	PRE_FREEZE_KNOWN	PROTEIN_CODING_GENE_EXPRESSION	5	5	FROZEN_V6_CROSSWALK_CANONICAL_UNIQUE_SORTED	7a1c6905bc3db248c1ab4470a1f4560986e86dfa5fff321b1b38146e0187aaf1	UNSIGNED_UNWEIGHTED_MEAN_PRESENT_GENE_ZSCORES	NA	ELIGIBLE	NA	878a08bc18b8cc0270db5f9d5e0b41f5fafd9f97a119ecaa4881b0db7bc80817
LEGACY-V019-M01	LEGACY-V019-M01	PRE_FREEZE_KNOWN	PRE-P36230961	10.3390/cells11193000	PRE_FREEZE_KNOWN	PROTEIN_CODING_GENE_EXPRESSION	3	3	FROZEN_V6_CROSSWALK_CANONICAL_UNIQUE_SORTED	3679fe081ab2780cedd775698626c93265ccc2a1125ab01796748e7191fa6eed	UNSIGNED_UNWEIGHTED_MEAN_PRESENT_GENE_ZSCORES	NA	ELIGIBLE	NA	878a08bc18b8cc0270db5f9d5e0b41f5fafd9f97a119ecaa4881b0db7bc80817
LEGACY-V020-M01	LEGACY-V020-M01	PRE_FREEZE_KNOWN	PRE-P33790946	10.3389/fgene.2021.634116	PRE_FREEZE_KNOWN	PROTEIN_CODING_GENE_EXPRESSION	6	6	FROZEN_V6_CROSSWALK_CANONICAL_UNIQUE_SORTED	0fee79cbf4d8d1858b5cab352c820781573e82719dc333e3e4dd1c0a15647735	UNSIGNED_UNWEIGHTED_MEAN_PRESENT_GENE_ZSCORES	NA	ELIGIBLE	NA	878a08bc18b8cc0270db5f9d5e0b41f5fafd9f97a119ecaa4881b0db7bc80817
LEGACY-V021-M01	LEGACY-V021-M01	PRE_FREEZE_KNOWN	PRE-P34093788	10.7150/jca.53827	PRE_FREEZE_KNOWN	PROTEIN_CODING_GENE_EXPRESSION	18	18	FROZEN_V6_CROSSWALK_CANONICAL_UNIQUE_SORTED	668d0d90e6b63728673ab22cc26f738234f1635641bf9736d5b121ff69e1e412	UNSIGNED_UNWEIGHTED_MEAN_PRESENT_GENE_ZSCORES	NA	ELIGIBLE	NA	878a08bc18b8cc0270db5f9d5e0b41f5fafd9f97a119ecaa4881b0db7bc80817
LEGACY-V022-M01	LEGACY-V022-M01	PRE_FREEZE_KNOWN	PRE-P31897239	10.7150/jca.30923	PRE_FREEZE_KNOWN	PROTEIN_CODING_GENE_EXPRESSION	20	20	FROZEN_V6_CROSSWALK_CANONICAL_UNIQUE_SORTED	0657400cc79a94a908000be426d03c75379f5078ec02c8486ada02a9318eb081	UNSIGNED_UNWEIGHTED_MEAN_PRESENT_GENE_ZSCORES	NA	ELIGIBLE	NA	878a08bc18b8cc0270db5f9d5e0b41f5fafd9f97a119ecaa4881b0db7bc80817
LEGACY-V024-M01	LEGACY-V024-M01	PRE_FREEZE_KNOWN	PRE-P30796273	10.1038/s41598-019-39273-4	PRE_FREEZE_KNOWN	PROTEIN_CODING_GENE_EXPRESSION	6	6	FROZEN_V6_CROSSWALK_CANONICAL_UNIQUE_SORTED	ffb63fa4d8214900198927d6acfde44f41ce26ea83eefb86e965f5dc60842620	UNSIGNED_UNWEIGHTED_MEAN_PRESENT_GENE_ZSCORES	NA	ELIGIBLE	NA	878a08bc18b8cc0270db5f9d5e0b41f5fafd9f97a119ecaa4881b0db7bc80817
LEGACY-V025-M01	LEGACY-V025-M01	PRE_FREEZE_KNOWN	PRE-P31097021	10.1186/s12967-019-1908-1	PRE_FREEZE_KNOWN	PROTEIN_CODING_GENE_EXPRESSION	12	12	FROZEN_V6_CROSSWALK_CANONICAL_UNIQUE_SORTED	628d6ee17d959d0fe6417a75348c328226fd487702111fccb81d9663f42ba9d9	UNSIGNED_UNWEIGHTED_MEAN_PRESENT_GENE_ZSCORES	NA	ELIGIBLE	NA	878a08bc18b8cc0270db5f9d5e0b41f5fafd9f97a119ecaa4881b0db7bc80817
LEGACY-V026-M01	LEGACY-V026-M01	PRE_FREEZE_KNOWN	PRE-P31531345	10.1155/2019/1649423	PRE_FREEZE_KNOWN	PROTEIN_CODING_GENE_EXPRESSION	6	6	FROZEN_V6_CROSSWALK_CANONICAL_UNIQUE_SORTED	9528d71ee5c470ebe2764724243b34a73abbf692598ea3389b07a2a92f90bea4	UNSIGNED_UNWEIGHTED_MEAN_PRESENT_GENE_ZSCORES	NA	ELIGIBLE	NA	878a08bc18b8cc0270db5f9d5e0b41f5fafd9f97a119ecaa4881b0db7bc80817
LEGACY-V027-M01	LEGACY-V027-M01	PRE_FREEZE_KNOWN	PRE-P31632439	10.3389/fgene.2019.00906	PRE_FREEZE_KNOWN	PROTEIN_CODING_GENE_EXPRESSION	4	4	FROZEN_V6_CROSSWALK_CANONICAL_UNIQUE_SORTED	f99bdfdd317dc576da7ba6d1ae3c5dfe73151191c289326e0301976253e018c6	UNSIGNED_UNWEIGHTED_MEAN_PRESENT_GENE_ZSCORES	NA	ELIGIBLE	NA	878a08bc18b8cc0270db5f9d5e0b41f5fafd9f97a119ecaa4881b0db7bc80817
LEGACY-V028-M01	LEGACY-V028-M01	PRE_FREEZE_KNOWN	PRE-P31632497	10.7150/jca.30614	PRE_FREEZE_KNOWN	PROTEIN_CODING_GENE_EXPRESSION	13	13	FROZEN_V6_CROSSWALK_CANONICAL_UNIQUE_SORTED	2cb0bb8c8c9e10bf1d956e975a0532ee0b2b255c7ee93a8ef0f0596b25fea4b7	UNSIGNED_UNWEIGHTED_MEAN_PRESENT_GENE_ZSCORES	NA	ELIGIBLE	NA	878a08bc18b8cc0270db5f9d5e0b41f5fafd9f97a119ecaa4881b0db7bc80817
LEGACY-V029-M01	LEGACY-V029-M01	PRE_FREEZE_KNOWN	PRE-P31844032	10.18632/aging.102566	PRE_FREEZE_KNOWN	PROTEIN_CODING_GENE_EXPRESSION	3	3	FROZEN_V6_CROSSWALK_CANONICAL_UNIQUE_SORTED	64f2b736f9f244040b357c807995e07806b977dce99d57a02174daa19cd7cb76	UNSIGNED_UNWEIGHTED_MEAN_PRESENT_GENE_ZSCORES	NA	ELIGIBLE	NA	878a08bc18b8cc0270db5f9d5e0b41f5fafd9f97a119ecaa4881b0db7bc80817
LEGACY-E001-M01	LEGACY-E001-M01	PRE_FREEZE_KNOWN	PRE-P41944918	10.1007/s12672-026-04658-1	PRE_FREEZE_KNOWN	PROTEIN_CODING_GENE_EXPRESSION	6	6	FROZEN_V6_CROSSWALK_CANONICAL_UNIQUE_SORTED	d3fcdbac5d5084706e0852f8c7948616abdda6121a368c1b5a555517079f522c	UNSIGNED_UNWEIGHTED_MEAN_PRESENT_GENE_ZSCORES	NA	ELIGIBLE	NA	878a08bc18b8cc0270db5f9d5e0b41f5fafd9f97a119ecaa4881b0db7bc80817
LEGACY-E007-M01	LEGACY-E007-M01	PRE_FREEZE_KNOWN	PRE-P35982954	10.3389/fonc.2022.938679	PRE_FREEZE_KNOWN	PROTEIN_CODING_GENE_EXPRESSION	3	3	FROZEN_V6_CROSSWALK_CANONICAL_UNIQUE_SORTED	2950713195f759dfead7e8339f2d2d33981432f19b2add34aafb6e3385c6b357	UNSIGNED_UNWEIGHTED_MEAN_PRESENT_GENE_ZSCORES	NA	ELIGIBLE	NA	878a08bc18b8cc0270db5f9d5e0b41f5fafd9f97a119ecaa4881b0db7bc80817
LEGACY-E011-M01	LEGACY-E011-M01	PRE_FREEZE_KNOWN	PRE-P34527446	10.7717/peerj.12070	PRE_FREEZE_KNOWN	PROTEIN_CODING_GENE_EXPRESSION	4	4	FROZEN_V6_CROSSWALK_CANONICAL_UNIQUE_SORTED	3ac031dd1f879ee987515176ddc4118d1cc2a3c03191be746b902880de25e8fe	UNSIGNED_UNWEIGHTED_MEAN_PRESENT_GENE_ZSCORES	NA	ELIGIBLE	NA	878a08bc18b8cc0270db5f9d5e0b41f5fafd9f97a119ecaa4881b0db7bc80817
LEGACY-E012-M01	LEGACY-E012-M01	PRE_FREEZE_KNOWN	PRE-P30333910	10.18632/oncotarget.26082	PRE_FREEZE_KNOWN	PROTEIN_CODING_GENE_EXPRESSION	6	6	FROZEN_V6_CROSSWALK_CANONICAL_UNIQUE_SORTED	2bf6ab394a96dbb5c62ba98632ac199f26f18c6a49091b5896d184abbda47c16	UNSIGNED_UNWEIGHTED_MEAN_PRESENT_GENE_ZSCORES	NA	ELIGIBLE	NA	878a08bc18b8cc0270db5f9d5e0b41f5fafd9f97a119ecaa4881b0db7bc80817
LEGACY-E014-M01	LEGACY-E014-M01	PRE_FREEZE_KNOWN	PRE-P27713134	10.18632/oncotarget.12462	PRE_FREEZE_KNOWN	PROTEIN_CODING_GENE_EXPRESSION	3	3	FROZEN_V6_CROSSWALK_CANONICAL_UNIQUE_SORTED	c8599ac0e5683a36172eef66e037dc04f6d787451aaf537b97b71596101ac8a7	UNSIGNED_UNWEIGHTED_MEAN_PRESENT_GENE_ZSCORES	NA	ELIGIBLE	NA	878a08bc18b8cc0270db5f9d5e0b41f5fafd9f97a119ecaa4881b0db7bc80817
LEGACY-E016-M01	LEGACY-E016-M01	PRE_FREEZE_KNOWN	PRE-P38159261	10.18632/aging.205422	PRE_FREEZE_KNOWN	PROTEIN_CODING_GENE_EXPRESSION	9	9	FROZEN_V6_CROSSWALK_CANONICAL_UNIQUE_SORTED	c4f4f622a9bdb8231850a688ffea95c72078815eb52f11b259e7005ee5674ff7	UNSIGNED_UNWEIGHTED_MEAN_PRESENT_GENE_ZSCORES	NA	ELIGIBLE	NA	878a08bc18b8cc0270db5f9d5e0b41f5fafd9f97a119ecaa4881b0db7bc80817
LEGACY-S001-M01	LEGACY-S001-M01	PRE_FREEZE_KNOWN	PRE-P001	10.20892/j.issn.2095-3941.2018.0277	PRE_FREEZE_KNOWN	PROTEIN_CODING_GENE_EXPRESSION	4	4	FROZEN_V6_CROSSWALK_CANONICAL_UNIQUE_SORTED	4a91362e7e5977b2b4d0875269716ed40d96ea3f6ef8980eb525f4ade88d29f4	UNSIGNED_UNWEIGHTED_MEAN_PRESENT_GENE_ZSCORES	NA	ELIGIBLE	NA	878a08bc18b8cc0270db5f9d5e0b41f5fafd9f97a119ecaa4881b0db7bc80817
LEGACY-S003-M01	LEGACY-S003-M01	PRE_FREEZE_KNOWN	PRE-P003	10.3390/jcm12041341	PRE_FREEZE_KNOWN	PROTEIN_CODING_GENE_EXPRESSION	8	8	FROZEN_V6_CROSSWALK_CANONICAL_UNIQUE_SORTED	e98ecde7ff5b1754f6c404884cdcdd40b21869b8c7914e476306f7b4368913a0	UNSIGNED_UNWEIGHTED_MEAN_PRESENT_GENE_ZSCORES	NA	ELIGIBLE	NA	878a08bc18b8cc0270db5f9d5e0b41f5fafd9f97a119ecaa4881b0db7bc80817
LEGACY-S005-M01	LEGACY-S005-M01	PRE_FREEZE_KNOWN	PRE-P005	10.3389/fgene.2019.00419	PRE_FREEZE_KNOWN	PROTEIN_CODING_GENE_EXPRESSION	5	5	FROZEN_V6_CROSSWALK_CANONICAL_UNIQUE_SORTED	f0be2e7aceafbed10855cde398402f8bf897650bcba8b6be06b40c9e57d74a54	UNSIGNED_UNWEIGHTED_MEAN_PRESENT_GENE_ZSCORES	NA	ELIGIBLE	NA	878a08bc18b8cc0270db5f9d5e0b41f5fafd9f97a119ecaa4881b0db7bc80817
LEGACY-S006-M01	LEGACY-S006-M01	PRE_FREEZE_KNOWN	PRE-P006	10.2147/OTT.S238332	PRE_FREEZE_KNOWN	PROTEIN_CODING_GENE_EXPRESSION	14	14	FROZEN_V6_CROSSWALK_CANONICAL_UNIQUE_SORTED	fd47b5d9efb00bc1a0ac0f9d976e4d80964dc77f6e41d20896d217cf445e0e77	UNSIGNED_UNWEIGHTED_MEAN_PRESENT_GENE_ZSCORES	NA	ELIGIBLE	NA	878a08bc18b8cc0270db5f9d5e0b41f5fafd9f97a119ecaa4881b0db7bc80817
LEGACY-S007-M01	LEGACY-S007-M01	PRE_FREEZE_KNOWN	PRE-P007	10.3389/fgene.2021.638458	PRE_FREEZE_KNOWN	PROTEIN_CODING_GENE_EXPRESSION	7	7	FROZEN_V6_CROSSWALK_CANONICAL_UNIQUE_SORTED	e5eac283ea84a61fe9503b0d01800124cfb46e624e34092762bfabb16c6a81e3	UNSIGNED_UNWEIGHTED_MEAN_PRESENT_GENE_ZSCORES	NA	ELIGIBLE	NA	878a08bc18b8cc0270db5f9d5e0b41f5fafd9f97a119ecaa4881b0db7bc80817
LEGACY-S009-M01	LEGACY-S009-M01	PRE_FREEZE_KNOWN	PRE-P009	10.3389/fgene.2021.736187	PRE_FREEZE_KNOWN	PROTEIN_CODING_GENE_EXPRESSION	5	5	FROZEN_V6_CROSSWALK_CANONICAL_UNIQUE_SORTED	177e0c9064cff6a39b990492c3474f511794200943546c3b72533e9e22867b74	UNSIGNED_UNWEIGHTED_MEAN_PRESENT_GENE_ZSCORES	NA	ELIGIBLE	NA	878a08bc18b8cc0270db5f9d5e0b41f5fafd9f97a119ecaa4881b0db7bc80817
LEGACY-S012-M01	LEGACY-S012-M01	PRE_FREEZE_KNOWN	PRE-P012	10.21037/tcr-24-562	PRE_FREEZE_KNOWN	PROTEIN_CODING_GENE_EXPRESSION	10	10	FROZEN_V6_CROSSWALK_CANONICAL_UNIQUE_SORTED	ca7e81a7c87d18f3fb6ee164cd70e7697976dc027daf0b3fbb5a450c9a31c67b	UNSIGNED_UNWEIGHTED_MEAN_PRESENT_GENE_ZSCORES	NA	ELIGIBLE	NA	878a08bc18b8cc0270db5f9d5e0b41f5fafd9f97a119ecaa4881b0db7bc80817
